title,count,slugs,urls
شركة تنظيف منازل بالرياض,2,home-cleaning-riyadh | house-cleaning-in-riyadh,https://www.rukn-eltatawer.com/sa/home-cleaning-riyadh/ | https://www.rukn-eltatawer.com/sa/house-cleaning-in-riyadh/
شركة تنظيف فلل بالرياض,2,villa-cleaning-riyadh | sharikat-tanzif-filla-bilriyadh,https://www.rukn-eltatawer.com/sa/villa-cleaning-riyadh/ | https://www.rukn-eltatawer.com/sa/sharikat-tanzif-filla-bilriyadh/
شركة تنظيف شقق بالرياض,2,apartment-cleaning-riyadh | apartment-cleaning-in-riyadh,https://www.rukn-eltatawer.com/sa/apartment-cleaning-riyadh/ | https://www.rukn-eltatawer.com/sa/apartment-cleaning-in-riyadh/
شركة تركيب عشب صناعي بالرياض,2,artificial-grass-grdn-riyadh | artificial-grass-riyadh,https://www.rukn-eltatawer.com/sa/artificial-grass-grdn-riyadh/ | https://www.rukn-eltatawer.com/sa/artificial-grass-riyadh/
شركة تركيب عشب صناعي بمكة المكرمة,2,artificial-grass-grdn-mecca | artificial-grass-mecca,https://www.rukn-eltatawer.com/sa/artificial-grass-grdn-mecca/ | https://www.rukn-eltatawer.com/sa/artificial-grass-mecca/
شركة تركيب عشب صناعي بجدة,2,artificial-grass-grdn-jeddah | artificial-grass-jeddah,https://www.rukn-eltatawer.com/sa/artificial-grass-grdn-jeddah/ | https://www.rukn-eltatawer.com/sa/artificial-grass-jeddah/
شركة تركيب عشب صناعي بالمدينة المنورة,2,artificial-grass-grdn-medina | artificial-grass-medina,https://www.rukn-eltatawer.com/sa/artificial-grass-grdn-medina/ | https://www.rukn-eltatawer.com/sa/artificial-grass-medina/
شركة تركيب عشب صناعي بالخبر,2,artificial-grass-grdn-khobar | artificial-grass-khobar,https://www.rukn-eltatawer.com/sa/artificial-grass-grdn-khobar/ | https://www.rukn-eltatawer.com/sa/artificial-grass-khobar/
شركة تركيب عشب صناعي بالدمام,2,artificial-grass-grdn-dammam | artificial-grass-dammam,https://www.rukn-eltatawer.com/sa/artificial-grass-grdn-dammam/ | https://www.rukn-eltatawer.com/sa/artificial-grass-dammam/
شركة تركيب عشب صناعي بالطائف,2,artificial-grass-grdn-taif | artificial-grass-taif,https://www.rukn-eltatawer.com/sa/artificial-grass-grdn-taif/ | https://www.rukn-eltatawer.com/sa/artificial-grass-taif/
شركة تركيب عشب جداري بالرياض,2,wall-grass-riyadh | grass-wall-riyadh,https://www.rukn-eltatawer.com/sa/wall-grass-riyadh/ | https://www.rukn-eltatawer.com/sa/grass-wall-riyadh/
شركة تركيب عشب صناعي بأبها,2,artificial-grass-grdn-abha | artificial-grass-abha,https://www.rukn-eltatawer.com/sa/artificial-grass-grdn-abha/ | https://www.rukn-eltatawer.com/sa/artificial-grass-abha/
شركة تركيب عشب جداري بجدة,2,wall-grass-jeddah | grass-wall-jeddah,https://www.rukn-eltatawer.com/sa/wall-grass-jeddah/ | https://www.rukn-eltatawer.com/sa/grass-wall-jeddah/
شركة تركيب عشب جداري بالمدينة المنورة,2,wall-grass-medina | grass-wall-medina,https://www.rukn-eltatawer.com/sa/wall-grass-medina/ | https://www.rukn-eltatawer.com/sa/grass-wall-medina/
شركة تركيب عشب جداري بمكة المكرمة,2,wall-grass-mecca | grass-wall-mecca,https://www.rukn-eltatawer.com/sa/wall-grass-mecca/ | https://www.rukn-eltatawer.com/sa/grass-wall-mecca/
شركة تركيب عشب جداري بالخبر,2,wall-grass-khobar | grass-wall-khobar,https://www.rukn-eltatawer.com/sa/wall-grass-khobar/ | https://www.rukn-eltatawer.com/sa/grass-wall-khobar/
شركة تركيب عشب جداري بالدمام,2,wall-grass-dammam | grass-wall-dammam,https://www.rukn-eltatawer.com/sa/wall-grass-dammam/ | https://www.rukn-eltatawer.com/sa/grass-wall-dammam/
شركة تركيب عشب جداري بأبها,2,wall-grass-abha | grass-wall-abha,https://www.rukn-eltatawer.com/sa/wall-grass-abha/ | https://www.rukn-eltatawer.com/sa/grass-wall-abha/
شركة تركيب عشب جداري بالطائف,2,wall-grass-taif | grass-wall-taif,https://www.rukn-eltatawer.com/sa/wall-grass-taif/ | https://www.rukn-eltatawer.com/sa/grass-wall-taif/
