slug,title,url,date,modified,cities_count,group
24h-emergency-electrician-abha,شركة كهربائي طوارئ 24 ساعة بأبها,https://www.rukn-eltatawer.com/sa/24h-emergency-electrician-abha/,2026-09-05,2026-09-09,1,extra-core-city-service
24h-emergency-electrician-dammam,شركة كهربائي طوارئ 24 ساعة بالدمام,https://www.rukn-eltatawer.com/sa/24h-emergency-electrician-dammam/,2026-09-04,2026-09-09,1,extra-core-city-service
24h-emergency-electrician-jeddah,شركة كهربائي طوارئ 24 ساعة بجدة,https://www.rukn-eltatawer.com/sa/24h-emergency-electrician-jeddah/,2026-09-03,2026-09-09,1,extra-core-city-service
24h-emergency-electrician-khobar,شركة كهربائي طوارئ 24 ساعة بالخبر,https://www.rukn-eltatawer.com/sa/24h-emergency-electrician-khobar/,2026-09-05,2026-09-09,1,extra-core-city-service
24h-emergency-electrician-mecca,شركة كهربائي طوارئ 24 ساعة بمكة المكرمة,https://www.rukn-eltatawer.com/sa/24h-emergency-electrician-mecca/,2026-09-04,2026-09-09,1,extra-core-city-service
24h-emergency-electrician-medina,شركة كهربائي طوارئ 24 ساعة بالمدينة المنورة,https://www.rukn-eltatawer.com/sa/24h-emergency-electrician-medina/,2026-09-04,2026-09-09,1,extra-core-city-service
24h-emergency-electrician-riyadh,شركة كهربائي طوارئ 24 ساعة بالرياض,https://www.rukn-eltatawer.com/sa/24h-emergency-electrician-riyadh/,2026-09-02,2026-09-09,1,extra-core-city-service
24h-emergency-electrician-taif,شركة كهربائي طوارئ 24 ساعة بالطائف,https://www.rukn-eltatawer.com/sa/24h-emergency-electrician-taif/,2026-09-05,2026-09-09,1,extra-core-city-service
ac-cleaning-washing-abha,شركة غسيل وتنظيف مكيفات بأبها,https://www.rukn-eltatawer.com/sa/ac-cleaning-washing-abha/,2026-09-05,2026-09-10,1,extra-core-city-service
ac-cleaning-washing-dammam,شركة غسيل وتنظيف مكيفات بالدمام,https://www.rukn-eltatawer.com/sa/ac-cleaning-washing-dammam/,2026-09-04,2026-09-11,1,extra-core-city-service
ac-cleaning-washing-jeddah,شركة غسيل وتنظيف مكيفات بجدة,https://www.rukn-eltatawer.com/sa/ac-cleaning-washing-jeddah/,2026-09-03,2026-09-11,1,extra-core-city-service
ac-cleaning-washing-khobar,شركة غسيل وتنظيف مكيفات بالخبر,https://www.rukn-eltatawer.com/sa/ac-cleaning-washing-khobar/,2026-09-04,2026-09-11,1,extra-core-city-service
ac-cleaning-washing-mecca,شركة غسيل وتنظيف مكيفات بمكة المكرمة,https://www.rukn-eltatawer.com/sa/ac-cleaning-washing-mecca/,2026-09-03,2026-09-09,1,extra-core-city-service
ac-cleaning-washing-medina,شركة غسيل وتنظيف مكيفات بالمدينة المنورة,https://www.rukn-eltatawer.com/sa/ac-cleaning-washing-medina/,2026-09-03,2026-09-11,1,extra-core-city-service
ac-cleaning-washing-riyadh,شركة غسيل وتنظيف مكيفات بالرياض,https://www.rukn-eltatawer.com/sa/ac-cleaning-washing-riyadh/,2026-09-02,2026-09-11,1,extra-core-city-service
ac-cleaning-washing-taif,شركة غسيل وتنظيف مكيفات بالطائف,https://www.rukn-eltatawer.com/sa/ac-cleaning-washing-taif/,2026-09-05,2026-09-09,1,extra-core-city-service
ac-duct-maintenance-abha,شركة صيانة دكتات التكييف بأبها,https://www.rukn-eltatawer.com/sa/ac-duct-maintenance-abha/,2026-09-05,2026-09-10,1,extra-core-city-service
ac-duct-maintenance-dammam,شركة صيانة دكتات التكييف بالدمام,https://www.rukn-eltatawer.com/sa/ac-duct-maintenance-dammam/,2026-09-04,2026-09-11,1,extra-core-city-service
ac-duct-maintenance-jeddah,شركة صيانة دكتات التكييف بجدة,https://www.rukn-eltatawer.com/sa/ac-duct-maintenance-jeddah/,2026-09-03,2026-09-11,1,extra-core-city-service
ac-duct-maintenance-khobar,شركة صيانة دكتات التكييف بالخبر,https://www.rukn-eltatawer.com/sa/ac-duct-maintenance-khobar/,2026-09-04,2026-09-11,1,extra-core-city-service
ac-duct-maintenance-mecca,شركة صيانة دكتات التكييف بمكة المكرمة,https://www.rukn-eltatawer.com/sa/ac-duct-maintenance-mecca/,2026-09-03,2026-09-09,1,extra-core-city-service
ac-duct-maintenance-medina,شركة صيانة دكتات التكييف بالمدينة المنورة,https://www.rukn-eltatawer.com/sa/ac-duct-maintenance-medina/,2026-09-03,2026-09-11,1,extra-core-city-service
ac-duct-maintenance-riyadh,شركة صيانة دكتات التكييف بالرياض,https://www.rukn-eltatawer.com/sa/ac-duct-maintenance-riyadh/,2026-09-02,2026-09-11,1,extra-core-city-service
ac-duct-maintenance-taif,شركة صيانة دكتات التكييف بالطائف,https://www.rukn-eltatawer.com/sa/ac-duct-maintenance-taif/,2026-09-05,2026-09-09,1,extra-core-city-service
ac-freon-refill-abha,شركة تعبئة فريون مكيفات بأبها,https://www.rukn-eltatawer.com/sa/ac-freon-refill-abha/,2026-09-05,2026-09-10,1,extra-core-city-service
ac-freon-refill-dammam,شركة تعبئة فريون مكيفات بالدمام,https://www.rukn-eltatawer.com/sa/ac-freon-refill-dammam/,2026-09-04,2026-09-11,1,extra-core-city-service
ac-freon-refill-jeddah,شركة تعبئة فريون مكيفات بجدة,https://www.rukn-eltatawer.com/sa/ac-freon-refill-jeddah/,2026-09-03,2026-09-11,1,extra-core-city-service
ac-freon-refill-khobar,شركة تعبئة فريون مكيفات بالخبر,https://www.rukn-eltatawer.com/sa/ac-freon-refill-khobar/,2026-09-04,2026-09-11,1,extra-core-city-service
ac-freon-refill-mecca,شركة تعبئة فريون مكيفات بمكة المكرمة,https://www.rukn-eltatawer.com/sa/ac-freon-refill-mecca/,2026-09-03,2026-09-09,1,extra-core-city-service
ac-freon-refill-medina,شركة تعبئة فريون مكيفات بالمدينة المنورة,https://www.rukn-eltatawer.com/sa/ac-freon-refill-medina/,2026-09-03,2026-09-11,1,extra-core-city-service
ac-freon-refill-riyadh,شركة تعبئة فريون مكيفات بالرياض,https://www.rukn-eltatawer.com/sa/ac-freon-refill-riyadh/,2026-09-02,2026-09-11,1,extra-core-city-service
ac-freon-refill-taif,شركة تعبئة فريون مكيفات بالطائف,https://www.rukn-eltatawer.com/sa/ac-freon-refill-taif/,2026-09-05,2026-09-09,1,extra-core-city-service
ac-periodic-maintenance-contracts-abha,شركة عقود صيانة تكييف دورية بأبها,https://www.rukn-eltatawer.com/sa/ac-periodic-maintenance-contracts-abha/,2026-09-05,2026-09-10,1,extra-core-city-service
ac-periodic-maintenance-contracts-dammam,شركة عقود صيانة تكييف دورية بالدمام,https://www.rukn-eltatawer.com/sa/ac-periodic-maintenance-contracts-dammam/,2026-09-04,2026-09-11,1,extra-core-city-service
ac-periodic-maintenance-contracts-jeddah,شركة عقود صيانة تكييف دورية بجدة,https://www.rukn-eltatawer.com/sa/ac-periodic-maintenance-contracts-jeddah/,2026-09-03,2026-09-11,1,extra-core-city-service
ac-periodic-maintenance-contracts-khobar,شركة عقود صيانة تكييف دورية بالخبر,https://www.rukn-eltatawer.com/sa/ac-periodic-maintenance-contracts-khobar/,2026-09-04,2026-09-11,1,extra-core-city-service
ac-periodic-maintenance-contracts-mecca,شركة عقود صيانة تكييف دورية بمكة المكرمة,https://www.rukn-eltatawer.com/sa/ac-periodic-maintenance-contracts-mecca/,2026-09-03,2026-09-09,1,extra-core-city-service
ac-periodic-maintenance-contracts-medina,شركة عقود صيانة تكييف دورية بالمدينة المنورة,https://www.rukn-eltatawer.com/sa/ac-periodic-maintenance-contracts-medina/,2026-09-03,2026-09-11,1,extra-core-city-service
ac-periodic-maintenance-contracts-riyadh,شركة عقود صيانة تكييف دورية بالرياض,https://www.rukn-eltatawer.com/sa/ac-periodic-maintenance-contracts-riyadh/,2026-09-02,2026-09-11,1,extra-core-city-service
ac-periodic-maintenance-contracts-taif,شركة عقود صيانة تكييف دورية بالطائف,https://www.rukn-eltatawer.com/sa/ac-periodic-maintenance-contracts-taif/,2026-09-05,2026-09-09,1,extra-core-city-service
ac-relocation-installation-abha,شركة نقل وتركيب مكيفات بأبها,https://www.rukn-eltatawer.com/sa/ac-relocation-installation-abha/,2026-09-06,2026-09-10,1,extra-core-city-service
ac-relocation-installation-dammam,شركة نقل وتركيب مكيفات بالدمام,https://www.rukn-eltatawer.com/sa/ac-relocation-installation-dammam/,2026-09-06,2026-09-10,1,extra-core-city-service
ac-relocation-installation-jeddah,شركة نقل وتركيب مكيفات بجدة,https://www.rukn-eltatawer.com/sa/ac-relocation-installation-jeddah/,2026-09-06,2026-09-10,1,extra-core-city-service
ac-relocation-installation-khobar,شركة نقل وتركيب مكيفات بالخبر,https://www.rukn-eltatawer.com/sa/ac-relocation-installation-khobar/,2026-09-06,2026-09-10,1,extra-core-city-service
ac-relocation-installation-mecca,شركة نقل وتركيب مكيفات بمكة المكرمة,https://www.rukn-eltatawer.com/sa/ac-relocation-installation-mecca/,2026-09-06,2026-09-10,1,extra-core-city-service
ac-relocation-installation-medina,شركة نقل وتركيب مكيفات بالمدينة المنورة,https://www.rukn-eltatawer.com/sa/ac-relocation-installation-medina/,2026-09-06,2026-09-10,1,extra-core-city-service
ac-relocation-installation-riyadh,شركة نقل وتركيب مكيفات بالرياض,https://www.rukn-eltatawer.com/sa/ac-relocation-installation-riyadh/,2026-09-06,2026-09-10,1,extra-core-city-service
ac-relocation-installation-taif,شركة نقل وتركيب مكيفات بالطائف,https://www.rukn-eltatawer.com/sa/ac-relocation-installation-taif/,2026-09-06,2026-09-10,1,extra-core-city-service
afdal-sharikat-tanzif-manazil-bilriyadh,أفضل شركة تنظيف منازل بالرياض,https://www.rukn-eltatawer.com/sa/afdal-sharikat-tanzif-manazil-bilriyadh/,2026-03-28,2026-09-11,1,blog-or-duplicate-ar-slug
ahmyh-alsyanh-aldwryh,أهمية الصيانة الدورية للمنازل في السعودية,https://www.rukn-eltatawer.com/sa/ahmyh-alsyanh-aldwryh/,2026-07-01,2026-09-10,0,other
apartment-cleaning-in-riyadh,شركة تنظيف شقق بالرياض,https://www.rukn-eltatawer.com/sa/apartment-cleaning-in-riyadh/,2026-03-28,2026-09-11,1,extra-core-city-service
apartment-painting-abha,شركة دهان شقق بأبها,https://www.rukn-eltatawer.com/sa/apartment-painting-abha/,2026-09-06,2026-09-10,1,extra-core-city-service
apartment-painting-dammam,شركة دهان شقق بالدمام,https://www.rukn-eltatawer.com/sa/apartment-painting-dammam/,2026-09-06,2026-09-10,1,extra-core-city-service
apartment-painting-jeddah,شركة دهان شقق بجدة,https://www.rukn-eltatawer.com/sa/apartment-painting-jeddah/,2026-09-06,2026-09-10,1,extra-core-city-service
apartment-painting-khobar,شركة دهان شقق بالخبر,https://www.rukn-eltatawer.com/sa/apartment-painting-khobar/,2026-09-06,2026-09-10,1,extra-core-city-service
apartment-painting-mecca,شركة دهان شقق بمكة المكرمة,https://www.rukn-eltatawer.com/sa/apartment-painting-mecca/,2026-09-06,2026-09-10,1,extra-core-city-service
apartment-painting-medina,شركة دهان شقق بالمدينة المنورة,https://www.rukn-eltatawer.com/sa/apartment-painting-medina/,2026-09-06,2026-09-10,1,extra-core-city-service
apartment-painting-riyadh,شركة دهان شقق بالرياض,https://www.rukn-eltatawer.com/sa/apartment-painting-riyadh/,2026-09-05,2026-09-09,1,extra-core-city-service
apartment-painting-taif,شركة دهان شقق بالطائف,https://www.rukn-eltatawer.com/sa/apartment-painting-taif/,2026-09-06,2026-09-10,1,extra-core-city-service
artificial-grass-grdn-abha,شركة تركيب عشب صناعي بأبها,https://www.rukn-eltatawer.com/sa/artificial-grass-grdn-abha/,2026-09-13,2026-09-13,0,extra-core-city-service
artificial-grass-grdn-dammam,شركة تركيب عشب صناعي بالدمام,https://www.rukn-eltatawer.com/sa/artificial-grass-grdn-dammam/,2026-09-13,2026-09-13,0,extra-core-city-service
artificial-grass-grdn-jeddah,شركة تركيب عشب صناعي بجدة,https://www.rukn-eltatawer.com/sa/artificial-grass-grdn-jeddah/,2026-09-13,2026-09-13,0,extra-core-city-service
artificial-grass-grdn-khobar,شركة تركيب عشب صناعي بالخبر,https://www.rukn-eltatawer.com/sa/artificial-grass-grdn-khobar/,2026-09-13,2026-09-13,0,extra-core-city-service
artificial-grass-grdn-mecca,شركة تركيب عشب صناعي بمكة المكرمة,https://www.rukn-eltatawer.com/sa/artificial-grass-grdn-mecca/,2026-09-13,2026-09-13,0,extra-core-city-service
artificial-grass-grdn-medina,شركة تركيب عشب صناعي بالمدينة المنورة,https://www.rukn-eltatawer.com/sa/artificial-grass-grdn-medina/,2026-09-13,2026-09-13,0,extra-core-city-service
artificial-grass-grdn-riyadh,شركة تركيب عشب صناعي بالرياض,https://www.rukn-eltatawer.com/sa/artificial-grass-grdn-riyadh/,2026-09-13,2026-09-13,0,extra-core-city-service
artificial-grass-grdn-taif,شركة تركيب عشب صناعي بالطائف,https://www.rukn-eltatawer.com/sa/artificial-grass-grdn-taif/,2026-09-13,2026-09-13,0,extra-core-city-service
asaar-tanzif-almanazil-bilriyadh,أسعار تنظيف المنازل بالرياض,https://www.rukn-eltatawer.com/sa/asaar-tanzif-almanazil-bilriyadh/,2026-03-28,2026-09-11,1,blog-or-duplicate-ar-slug
azl-alasth,عزل الأسطح — حماية من الرطوبة والحرارة,https://www.rukn-eltatawer.com/sa/azl-alasth/,2026-07-01,2026-09-13,0,other
central-heater-installation-maintenance-abha,شركة تركيب وصيانة سخانات مركزية بأبها,https://www.rukn-eltatawer.com/sa/central-heater-installation-maintenance-abha/,2026-09-05,2026-09-10,1,extra-core-city-service
central-heater-installation-maintenance-dammam,شركة تركيب وصيانة سخانات مركزية بالدمام,https://www.rukn-eltatawer.com/sa/central-heater-installation-maintenance-dammam/,2026-09-04,2026-09-11,1,extra-core-city-service
central-heater-installation-maintenance-jeddah,شركة تركيب وصيانة سخانات مركزية بجدة,https://www.rukn-eltatawer.com/sa/central-heater-installation-maintenance-jeddah/,2026-09-03,2026-09-09,1,extra-core-city-service
central-heater-installation-maintenance-khobar,شركة تركيب وصيانة سخانات مركزية بالخبر,https://www.rukn-eltatawer.com/sa/central-heater-installation-maintenance-khobar/,2026-09-04,2026-09-09,1,extra-core-city-service
central-heater-installation-maintenance-mecca,شركة تركيب وصيانة سخانات مركزية بمكة المكرمة,https://www.rukn-eltatawer.com/sa/central-heater-installation-maintenance-mecca/,2026-09-03,2026-09-11,1,extra-core-city-service
central-heater-installation-maintenance-medina,شركة تركيب وصيانة سخانات مركزية بالمدينة المنورة,https://www.rukn-eltatawer.com/sa/central-heater-installation-maintenance-medina/,2026-09-03,2026-09-11,1,extra-core-city-service
central-heater-installation-maintenance-riyadh,شركة تركيب وصيانة سخانات مركزية بالرياض,https://www.rukn-eltatawer.com/sa/central-heater-installation-maintenance-riyadh/,2026-09-02,2026-09-11,1,extra-core-city-service
central-heater-installation-maintenance-taif,شركة تركيب وصيانة سخانات مركزية بالطائف,https://www.rukn-eltatawer.com/sa/central-heater-installation-maintenance-taif/,2026-09-05,2026-09-10,1,extra-core-city-service
commercial-refrigeration-maintenance-abha,شركة صيانة ثلاجات وتبريد تجاري بأبها,https://www.rukn-eltatawer.com/sa/commercial-refrigeration-maintenance-abha/,2026-09-06,2026-09-10,1,extra-core-city-service
commercial-refrigeration-maintenance-dammam,شركة صيانة ثلاجات وتبريد تجاري بالدمام,https://www.rukn-eltatawer.com/sa/commercial-refrigeration-maintenance-dammam/,2026-09-06,2026-09-10,1,extra-core-city-service
commercial-refrigeration-maintenance-jeddah,شركة صيانة ثلاجات وتبريد تجاري بجدة,https://www.rukn-eltatawer.com/sa/commercial-refrigeration-maintenance-jeddah/,2026-09-06,2026-09-10,1,extra-core-city-service
commercial-refrigeration-maintenance-khobar,شركة صيانة ثلاجات وتبريد تجاري بالخبر,https://www.rukn-eltatawer.com/sa/commercial-refrigeration-maintenance-khobar/,2026-09-06,2026-09-10,1,extra-core-city-service
commercial-refrigeration-maintenance-mecca,شركة صيانة ثلاجات وتبريد تجاري بمكة المكرمة,https://www.rukn-eltatawer.com/sa/commercial-refrigeration-maintenance-mecca/,2026-09-06,2026-09-10,1,extra-core-city-service
commercial-refrigeration-maintenance-medina,شركة صيانة ثلاجات وتبريد تجاري بالمدينة المنورة,https://www.rukn-eltatawer.com/sa/commercial-refrigeration-maintenance-medina/,2026-09-06,2026-09-10,1,extra-core-city-service
commercial-refrigeration-maintenance-riyadh,شركة صيانة ثلاجات وتبريد تجاري بالرياض,https://www.rukn-eltatawer.com/sa/commercial-refrigeration-maintenance-riyadh/,2026-09-05,2026-09-10,1,extra-core-city-service
commercial-refrigeration-maintenance-taif,شركة صيانة ثلاجات وتبريد تجاري بالطائف,https://www.rukn-eltatawer.com/sa/commercial-refrigeration-maintenance-taif/,2026-09-06,2026-09-10,1,extra-core-city-service
cooling-fault-detection-abha,شركة كشف أعطال تبريد بأبها,https://www.rukn-eltatawer.com/sa/cooling-fault-detection-abha/,2026-09-06,2026-09-10,1,extra-core-city-service
cooling-fault-detection-dammam,شركة كشف أعطال تبريد بالدمام,https://www.rukn-eltatawer.com/sa/cooling-fault-detection-dammam/,2026-09-06,2026-09-10,1,extra-core-city-service
cooling-fault-detection-jeddah,شركة كشف أعطال تبريد بجدة,https://www.rukn-eltatawer.com/sa/cooling-fault-detection-jeddah/,2026-09-06,2026-09-10,1,extra-core-city-service
cooling-fault-detection-khobar,شركة كشف أعطال تبريد بالخبر,https://www.rukn-eltatawer.com/sa/cooling-fault-detection-khobar/,2026-09-06,2026-09-10,1,extra-core-city-service
cooling-fault-detection-mecca,شركة كشف أعطال تبريد بمكة المكرمة,https://www.rukn-eltatawer.com/sa/cooling-fault-detection-mecca/,2026-09-06,2026-09-10,1,extra-core-city-service
cooling-fault-detection-medina,شركة كشف أعطال تبريد بالمدينة المنورة,https://www.rukn-eltatawer.com/sa/cooling-fault-detection-medina/,2026-09-06,2026-09-10,1,extra-core-city-service
cooling-fault-detection-riyadh,شركة كشف أعطال تبريد بالرياض,https://www.rukn-eltatawer.com/sa/cooling-fault-detection-riyadh/,2026-09-06,2026-09-10,1,extra-core-city-service
cooling-fault-detection-taif,شركة كشف أعطال تبريد بالطائف,https://www.rukn-eltatawer.com/sa/cooling-fault-detection-taif/,2026-09-06,2026-09-10,1,extra-core-city-service
decorative-wall-effects-abha,شركة دهانات ديكورية وتأثيرات جدارية بأبها,https://www.rukn-eltatawer.com/sa/decorative-wall-effects-abha/,2026-09-06,2026-09-10,1,extra-core-city-service
decorative-wall-effects-dammam,شركة دهانات ديكورية وتأثيرات جدارية بالدمام,https://www.rukn-eltatawer.com/sa/decorative-wall-effects-dammam/,2026-09-06,2026-09-10,1,extra-core-city-service
decorative-wall-effects-jeddah,شركة دهانات ديكورية وتأثيرات جدارية بجدة,https://www.rukn-eltatawer.com/sa/decorative-wall-effects-jeddah/,2026-09-05,2026-09-10,1,extra-core-city-service
decorative-wall-effects-khobar,شركة دهانات ديكورية وتأثيرات جدارية بالخبر,https://www.rukn-eltatawer.com/sa/decorative-wall-effects-khobar/,2026-09-06,2026-09-10,1,extra-core-city-service
decorative-wall-effects-mecca,شركة دهانات ديكورية وتأثيرات جدارية بمكة المكرمة,https://www.rukn-eltatawer.com/sa/decorative-wall-effects-mecca/,2026-09-05,2026-09-09,1,extra-core-city-service
decorative-wall-effects-medina,شركة دهانات ديكورية وتأثيرات جدارية بالمدينة المنورة,https://www.rukn-eltatawer.com/sa/decorative-wall-effects-medina/,2026-09-05,2026-09-09,1,extra-core-city-service
decorative-wall-effects-riyadh,شركة دهانات ديكورية وتأثيرات جدارية بالرياض,https://www.rukn-eltatawer.com/sa/decorative-wall-effects-riyadh/,2026-09-05,2026-09-09,1,extra-core-city-service
decorative-wall-effects-taif,شركة دهانات ديكورية وتأثيرات جدارية بالطائف,https://www.rukn-eltatawer.com/sa/decorative-wall-effects-taif/,2026-09-06,2026-09-10,1,extra-core-city-service
domestic-shipping-abha,شركة شحن داخلي داخل بأبها,https://www.rukn-eltatawer.com/sa/domestic-shipping-abha/,2026-09-06,2026-09-10,1,extra-core-city-service
domestic-shipping-dammam,شركة شحن داخلي داخل بالدمام,https://www.rukn-eltatawer.com/sa/domestic-shipping-dammam/,2026-09-06,2026-09-10,1,extra-core-city-service
domestic-shipping-jeddah,شركة شحن داخلي داخل بجدة,https://www.rukn-eltatawer.com/sa/domestic-shipping-jeddah/,2026-09-06,2026-09-10,1,extra-core-city-service
domestic-shipping-khobar,شركة شحن داخلي داخل بالخبر,https://www.rukn-eltatawer.com/sa/domestic-shipping-khobar/,2026-09-06,2026-09-10,1,extra-core-city-service
domestic-shipping-mecca,شركة شحن داخلي داخل بمكة المكرمة,https://www.rukn-eltatawer.com/sa/domestic-shipping-mecca/,2026-09-06,2026-09-10,1,extra-core-city-service
domestic-shipping-medina,شركة شحن داخلي داخل بالمدينة المنورة,https://www.rukn-eltatawer.com/sa/domestic-shipping-medina/,2026-09-06,2026-09-10,1,extra-core-city-service
domestic-shipping-riyadh,شركة شحن داخلي داخل بالرياض,https://www.rukn-eltatawer.com/sa/domestic-shipping-riyadh/,2026-09-05,2026-09-09,1,extra-core-city-service
domestic-shipping-taif,شركة شحن داخلي داخل بالطائف,https://www.rukn-eltatawer.com/sa/domestic-shipping-taif/,2026-09-06,2026-09-10,1,extra-core-city-service
drainage-pipe-maintenance-abha,شركة صيانة مواسير صرف صحي بأبها,https://www.rukn-eltatawer.com/sa/drainage-pipe-maintenance-abha/,2026-09-05,2026-09-10,1,extra-core-city-service
drainage-pipe-maintenance-dammam,شركة صيانة مواسير صرف صحي بالدمام,https://www.rukn-eltatawer.com/sa/drainage-pipe-maintenance-dammam/,2026-09-04,2026-09-11,1,extra-core-city-service
drainage-pipe-maintenance-jeddah,شركة صيانة مواسير صرف صحي بجدة,https://www.rukn-eltatawer.com/sa/drainage-pipe-maintenance-jeddah/,2026-09-03,2026-09-09,1,extra-core-city-service
drainage-pipe-maintenance-khobar,شركة صيانة مواسير صرف صحي بالخبر,https://www.rukn-eltatawer.com/sa/drainage-pipe-maintenance-khobar/,2026-09-04,2026-09-09,1,extra-core-city-service
drainage-pipe-maintenance-mecca,شركة صيانة مواسير صرف صحي بمكة المكرمة,https://www.rukn-eltatawer.com/sa/drainage-pipe-maintenance-mecca/,2026-09-03,2026-09-11,1,extra-core-city-service
drainage-pipe-maintenance-medina,شركة صيانة مواسير صرف صحي بالمدينة المنورة,https://www.rukn-eltatawer.com/sa/drainage-pipe-maintenance-medina/,2026-09-03,2026-09-11,1,extra-core-city-service
drainage-pipe-maintenance-riyadh,شركة صيانة مواسير صرف صحي بالرياض,https://www.rukn-eltatawer.com/sa/drainage-pipe-maintenance-riyadh/,2026-09-02,2026-09-11,1,extra-core-city-service
drainage-pipe-maintenance-taif,شركة صيانة مواسير صرف صحي بالطائف,https://www.rukn-eltatawer.com/sa/drainage-pipe-maintenance-taif/,2026-09-05,2026-09-10,1,extra-core-city-service
electric-panel-maintenance-abha,شركة صيانة لوحات كهرباء بأبها,https://www.rukn-eltatawer.com/sa/electric-panel-maintenance-abha/,2026-09-05,2026-09-09,1,extra-core-city-service
electric-panel-maintenance-dammam,شركة صيانة لوحات كهرباء بالدمام,https://www.rukn-eltatawer.com/sa/electric-panel-maintenance-dammam/,2026-09-04,2026-09-09,1,extra-core-city-service
electric-panel-maintenance-jeddah,شركة صيانة لوحات كهرباء بجدة,https://www.rukn-eltatawer.com/sa/electric-panel-maintenance-jeddah/,2026-09-03,2026-09-09,1,extra-core-city-service
electric-panel-maintenance-khobar,شركة صيانة لوحات كهرباء بالخبر,https://www.rukn-eltatawer.com/sa/electric-panel-maintenance-khobar/,2026-09-05,2026-09-09,1,extra-core-city-service
electric-panel-maintenance-mecca,شركة صيانة لوحات كهرباء بمكة المكرمة,https://www.rukn-eltatawer.com/sa/electric-panel-maintenance-mecca/,2026-09-03,2026-09-09,1,extra-core-city-service
electric-panel-maintenance-medina,شركة صيانة لوحات كهرباء بالمدينة المنورة,https://www.rukn-eltatawer.com/sa/electric-panel-maintenance-medina/,2026-09-04,2026-09-09,1,extra-core-city-service
electric-panel-maintenance-riyadh,شركة صيانة لوحات كهرباء بالرياض,https://www.rukn-eltatawer.com/sa/electric-panel-maintenance-riyadh/,2026-09-02,2026-09-09,1,extra-core-city-service
electric-panel-maintenance-taif,شركة صيانة لوحات كهرباء بالطائف,https://www.rukn-eltatawer.com/sa/electric-panel-maintenance-taif/,2026-09-05,2026-09-09,1,extra-core-city-service
electric-spray-painting-abha,شركة رش بويات كهربائي بأبها,https://www.rukn-eltatawer.com/sa/electric-spray-painting-abha/,2026-09-05,2026-09-09,1,extra-core-city-service
electric-spray-painting-dammam,شركة رش بويات كهربائي بالدمام,https://www.rukn-eltatawer.com/sa/electric-spray-painting-dammam/,2026-09-04,2026-09-09,1,extra-core-city-service
electric-spray-painting-jeddah,شركة رش بويات كهربائي بجدة,https://www.rukn-eltatawer.com/sa/electric-spray-painting-jeddah/,2026-09-03,2026-09-09,1,extra-core-city-service
electric-spray-painting-khobar,شركة رش بويات كهربائي بالخبر,https://www.rukn-eltatawer.com/sa/electric-spray-painting-khobar/,2026-09-05,2026-09-09,1,extra-core-city-service
electric-spray-painting-mecca,شركة رش بويات كهربائي بمكة المكرمة,https://www.rukn-eltatawer.com/sa/electric-spray-painting-mecca/,2026-09-03,2026-09-09,1,extra-core-city-service
electric-spray-painting-medina,شركة رش بويات كهربائي بالمدينة المنورة,https://www.rukn-eltatawer.com/sa/electric-spray-painting-medina/,2026-09-04,2026-09-09,1,extra-core-city-service
electric-spray-painting-riyadh,شركة رش بويات كهربائي بالرياض,https://www.rukn-eltatawer.com/sa/electric-spray-painting-riyadh/,2026-09-02,2026-09-09,1,extra-core-city-service
electric-spray-painting-taif,شركة رش بويات كهربائي بالطائف,https://www.rukn-eltatawer.com/sa/electric-spray-painting-taif/,2026-09-05,2026-09-09,1,extra-core-city-service
electrical-fault-detection-abha,شركة كشف أعطال كهرباء بأبها,https://www.rukn-eltatawer.com/sa/electrical-fault-detection-abha/,2026-09-05,2026-09-09,1,extra-core-city-service
electrical-fault-detection-dammam,شركة كشف أعطال كهرباء بالدمام,https://www.rukn-eltatawer.com/sa/electrical-fault-detection-dammam/,2026-09-04,2026-09-09,1,extra-core-city-service
electrical-fault-detection-jeddah,شركة كشف أعطال كهرباء بجدة,https://www.rukn-eltatawer.com/sa/electrical-fault-detection-jeddah/,2026-09-03,2026-09-09,1,extra-core-city-service
electrical-fault-detection-khobar,شركة كشف أعطال كهرباء بالخبر,https://www.rukn-eltatawer.com/sa/electrical-fault-detection-khobar/,2026-09-05,2026-09-09,1,extra-core-city-service
electrical-fault-detection-mecca,شركة كشف أعطال كهرباء بمكة المكرمة,https://www.rukn-eltatawer.com/sa/electrical-fault-detection-mecca/,2026-09-03,2026-09-09,1,extra-core-city-service
electrical-fault-detection-medina,شركة كشف أعطال كهرباء بالمدينة المنورة,https://www.rukn-eltatawer.com/sa/electrical-fault-detection-medina/,2026-09-04,2026-09-09,1,extra-core-city-service
electrical-fault-detection-riyadh,شركة كشف أعطال كهرباء بالرياض,https://www.rukn-eltatawer.com/sa/electrical-fault-detection-riyadh/,2026-09-02,2026-09-09,1,extra-core-city-service
electrical-fault-detection-taif,شركة كشف أعطال كهرباء بالطائف,https://www.rukn-eltatawer.com/sa/electrical-fault-detection-taif/,2026-09-05,2026-09-09,1,extra-core-city-service
en-home-cleaning-riyadh,Home Cleaning in Riyadh | Rukn Eltatawer,https://www.rukn-eltatawer.com/sa/en/en-home-cleaning-riyadh/,2026-09-02,2026-09-13,1,english-stub
en-roof-waterproofing-riyadh,Roof Waterproofing in Riyadh | Rukn Eltatawer,https://www.rukn-eltatawer.com/sa/en/en-roof-waterproofing-riyadh/,2026-09-02,2026-09-13,1,english-stub
en-water-leak-detection-riyadh,Water Leak Detection in Riyadh | Rukn Eltatawer,https://www.rukn-eltatawer.com/sa/en/en-water-leak-detection-riyadh/,2026-09-02,2026-09-13,1,english-stub
exterior-facade-painting-abha,شركة دهان واجهات خارجية بأبها,https://www.rukn-eltatawer.com/sa/exterior-facade-painting-abha/,2026-09-06,2026-09-10,1,extra-core-city-service
exterior-facade-painting-dammam,شركة دهان واجهات خارجية بالدمام,https://www.rukn-eltatawer.com/sa/exterior-facade-painting-dammam/,2026-09-06,2026-09-10,1,extra-core-city-service
exterior-facade-painting-jeddah,شركة دهان واجهات خارجية بجدة,https://www.rukn-eltatawer.com/sa/exterior-facade-painting-jeddah/,2026-09-06,2026-09-10,1,extra-core-city-service
exterior-facade-painting-khobar,شركة دهان واجهات خارجية بالخبر,https://www.rukn-eltatawer.com/sa/exterior-facade-painting-khobar/,2026-09-06,2026-09-10,1,extra-core-city-service
exterior-facade-painting-mecca,شركة دهان واجهات خارجية بمكة المكرمة,https://www.rukn-eltatawer.com/sa/exterior-facade-painting-mecca/,2026-09-06,2026-09-10,1,extra-core-city-service
exterior-facade-painting-medina,شركة دهان واجهات خارجية بالمدينة المنورة,https://www.rukn-eltatawer.com/sa/exterior-facade-painting-medina/,2026-09-06,2026-09-10,1,extra-core-city-service
exterior-facade-painting-riyadh,شركة دهان واجهات خارجية بالرياض,https://www.rukn-eltatawer.com/sa/exterior-facade-painting-riyadh/,2026-09-05,2026-09-09,1,extra-core-city-service
exterior-facade-painting-taif,شركة دهان واجهات خارجية بالطائف,https://www.rukn-eltatawer.com/sa/exterior-facade-painting-taif/,2026-09-06,2026-09-10,1,extra-core-city-service
gypsum-board-decor-abha,شركة ديكورات جبس بورد بأبها,https://www.rukn-eltatawer.com/sa/gypsum-board-decor-abha/,2026-09-06,2026-09-10,0,extra-core-city-service
gypsum-board-decor-dammam,شركة ديكورات جبس بورد بالدمام,https://www.rukn-eltatawer.com/sa/gypsum-board-decor-dammam/,2026-09-06,2026-09-09,1,extra-core-city-service
gypsum-board-decor-jeddah,شركة ديكورات جبس بورد بجدة,https://www.rukn-eltatawer.com/sa/gypsum-board-decor-jeddah/,2026-09-05,2026-09-10,1,extra-core-city-service
gypsum-board-decor-khobar,شركة ديكورات جبس بورد بالخبر,https://www.rukn-eltatawer.com/sa/gypsum-board-decor-khobar/,2026-09-06,2026-09-10,1,extra-core-city-service
gypsum-board-decor-mecca,شركة ديكورات جبس بورد بمكة المكرمة,https://www.rukn-eltatawer.com/sa/gypsum-board-decor-mecca/,2026-09-05,2026-09-10,1,extra-core-city-service
gypsum-board-decor-medina,شركة ديكورات جبس بورد بالمدينة المنورة,https://www.rukn-eltatawer.com/sa/gypsum-board-decor-medina/,2026-09-05,2026-09-09,1,extra-core-city-service
gypsum-board-decor-riyadh,شركة ديكورات جبس بورد بالرياض,https://www.rukn-eltatawer.com/sa/gypsum-board-decor-riyadh/,2026-09-05,2026-09-10,1,extra-core-city-service
gypsum-board-decor-taif,شركة ديكورات جبس بورد بالطائف,https://www.rukn-eltatawer.com/sa/gypsum-board-decor-taif/,2026-09-06,2026-09-10,1,extra-core-city-service
home-cleaning-al-baha-2026,شركة تنظيف منازل بالباحة | ركن التطور 2026,https://www.rukn-eltatawer.com/sa/home-cleaning-al-baha-2026/,2026-08-14,2026-09-11,0,other
home-electrician-elec-abha,شركة كهربائي منازل بأبها,https://www.rukn-eltatawer.com/sa/home-electrician-elec-abha/,2026-09-05,2026-09-09,1,extra-core-city-service
home-electrician-elec-dammam,شركة كهربائي منازل بالدمام,https://www.rukn-eltatawer.com/sa/home-electrician-elec-dammam/,2026-09-04,2026-09-09,1,extra-core-city-service
home-electrician-elec-jeddah,شركة كهربائي منازل بجدة,https://www.rukn-eltatawer.com/sa/home-electrician-elec-jeddah/,2026-09-03,2026-09-09,1,extra-core-city-service
home-electrician-elec-khobar,شركة كهربائي منازل بالخبر,https://www.rukn-eltatawer.com/sa/home-electrician-elec-khobar/,2026-09-05,2026-09-09,1,extra-core-city-service
home-electrician-elec-mecca,شركة كهربائي منازل بمكة المكرمة,https://www.rukn-eltatawer.com/sa/home-electrician-elec-mecca/,2026-09-04,2026-09-09,1,extra-core-city-service
home-electrician-elec-medina,شركة كهربائي منازل بالمدينة المنورة,https://www.rukn-eltatawer.com/sa/home-electrician-elec-medina/,2026-09-04,2026-09-09,1,extra-core-city-service
home-electrician-elec-riyadh,شركة كهربائي منازل بالرياض,https://www.rukn-eltatawer.com/sa/home-electrician-elec-riyadh/,2026-09-02,2026-09-09,1,extra-core-city-service
home-electrician-elec-taif,شركة كهربائي منازل بالطائف,https://www.rukn-eltatawer.com/sa/home-electrician-elec-taif/,2026-09-05,2026-09-09,1,extra-core-city-service
home-plumber-elec-abha,شركة سباك منازل بأبها,https://www.rukn-eltatawer.com/sa/home-plumber-elec-abha/,2026-09-05,2026-09-10,1,extra-core-city-service
home-plumber-elec-dammam,شركة سباك منازل بالدمام,https://www.rukn-eltatawer.com/sa/home-plumber-elec-dammam/,2026-09-04,2026-09-11,1,extra-core-city-service
home-plumber-elec-jeddah,شركة سباك منازل بجدة,https://www.rukn-eltatawer.com/sa/home-plumber-elec-jeddah/,2026-09-03,2026-09-09,1,extra-core-city-service
home-plumber-elec-khobar,شركة سباك منازل بالخبر,https://www.rukn-eltatawer.com/sa/home-plumber-elec-khobar/,2026-09-04,2026-09-09,1,extra-core-city-service
home-plumber-elec-mecca,شركة سباك منازل بمكة المكرمة,https://www.rukn-eltatawer.com/sa/home-plumber-elec-mecca/,2026-09-03,2026-09-11,1,extra-core-city-service
home-plumber-elec-medina,شركة سباك منازل بالمدينة المنورة,https://www.rukn-eltatawer.com/sa/home-plumber-elec-medina/,2026-09-03,2026-09-11,1,extra-core-city-service
home-plumber-elec-riyadh,شركة سباك منازل بالرياض,https://www.rukn-eltatawer.com/sa/home-plumber-elec-riyadh/,2026-09-02,2026-09-11,1,extra-core-city-service
home-plumber-elec-taif,شركة سباك منازل بالطائف,https://www.rukn-eltatawer.com/sa/home-plumber-elec-taif/,2026-09-05,2026-09-10,1,extra-core-city-service
house-cleaning-in-riyadh,شركة تنظيف منازل بالرياض,https://www.rukn-eltatawer.com/sa/house-cleaning-in-riyadh/,2026-03-28,2026-09-11,1,extra-core-city-service
indoor-outdoor-lighting-installation-abha,شركة تركيب إنارة داخلية وخارجية بأبها,https://www.rukn-eltatawer.com/sa/indoor-outdoor-lighting-installation-abha/,2026-09-05,2026-09-09,1,extra-core-city-service
indoor-outdoor-lighting-installation-dammam,شركة تركيب إنارة داخلية وخارجية بالدمام,https://www.rukn-eltatawer.com/sa/indoor-outdoor-lighting-installation-dammam/,2026-09-04,2026-09-09,1,extra-core-city-service
indoor-outdoor-lighting-installation-jeddah,شركة تركيب إنارة داخلية وخارجية بجدة,https://www.rukn-eltatawer.com/sa/indoor-outdoor-lighting-installation-jeddah/,2026-09-03,2026-09-09,1,extra-core-city-service
indoor-outdoor-lighting-installation-khobar,شركة تركيب إنارة داخلية وخارجية بالخبر,https://www.rukn-eltatawer.com/sa/indoor-outdoor-lighting-installation-khobar/,2026-09-04,2026-09-09,1,extra-core-city-service
indoor-outdoor-lighting-installation-mecca,شركة تركيب إنارة داخلية وخارجية بمكة المكرمة,https://www.rukn-eltatawer.com/sa/indoor-outdoor-lighting-installation-mecca/,2026-09-03,2026-09-09,1,extra-core-city-service
indoor-outdoor-lighting-installation-medina,شركة تركيب إنارة داخلية وخارجية بالمدينة المنورة,https://www.rukn-eltatawer.com/sa/indoor-outdoor-lighting-installation-medina/,2026-09-04,2026-09-09,1,extra-core-city-service
indoor-outdoor-lighting-installation-riyadh,شركة تركيب إنارة داخلية وخارجية بالرياض,https://www.rukn-eltatawer.com/sa/indoor-outdoor-lighting-installation-riyadh/,2026-09-02,2026-09-09,1,extra-core-city-service
indoor-outdoor-lighting-installation-taif,شركة تركيب إنارة داخلية وخارجية بالطائف,https://www.rukn-eltatawer.com/sa/indoor-outdoor-lighting-installation-taif/,2026-09-05,2026-09-09,1,extra-core-city-service
kshf-tsrbat-almyah,كشف تسربات المياه — دليل الخدمة من ركن التطور,https://www.rukn-eltatawer.com/sa/kshf-tsrbat-almyah/,2026-07-01,2026-09-13,0,other
mkafhh-alhshrat,مكافحة الحشرات في المنازل — حماية فعالة وآمنة,https://www.rukn-eltatawer.com/sa/mkafhh-alhshrat/,2026-07-01,2026-09-13,0,other
mta-thtaj-lfhs-altsrbat,متى تحتاج لفحص تسربات المياه؟ العلامات التي لا تتجاهلها,https://www.rukn-eltatawer.com/sa/mta-thtaj-lfhs-altsrbat/,2026-07-01,2026-09-10,0,other
new-building-electrical-plumbing-abha,شركة تأسيس كهرباء وسباكة لمبنى جديد بأبها,https://www.rukn-eltatawer.com/sa/new-building-electrical-plumbing-abha/,2026-09-05,2026-09-10,1,extra-core-city-service
new-building-electrical-plumbing-dammam,شركة تأسيس كهرباء وسباكة لمبنى جديد بالدمام,https://www.rukn-eltatawer.com/sa/new-building-electrical-plumbing-dammam/,2026-09-04,2026-09-11,1,extra-core-city-service
new-building-electrical-plumbing-jeddah,شركة تأسيس كهرباء وسباكة لمبنى جديد بجدة,https://www.rukn-eltatawer.com/sa/new-building-electrical-plumbing-jeddah/,2026-09-03,2026-09-09,1,extra-core-city-service
new-building-electrical-plumbing-khobar,شركة تأسيس كهرباء وسباكة لمبنى جديد بالخبر,https://www.rukn-eltatawer.com/sa/new-building-electrical-plumbing-khobar/,2026-09-04,2026-09-09,1,extra-core-city-service
new-building-electrical-plumbing-mecca,شركة تأسيس كهرباء وسباكة لمبنى جديد بمكة المكرمة,https://www.rukn-eltatawer.com/sa/new-building-electrical-plumbing-mecca/,2026-09-03,2026-09-11,1,extra-core-city-service
new-building-electrical-plumbing-medina,شركة تأسيس كهرباء وسباكة لمبنى جديد بالمدينة المنورة,https://www.rukn-eltatawer.com/sa/new-building-electrical-plumbing-medina/,2026-09-03,2026-09-11,1,extra-core-city-service
new-building-electrical-plumbing-riyadh,شركة تأسيس كهرباء وسباكة لمبنى جديد بالرياض,https://www.rukn-eltatawer.com/sa/new-building-electrical-plumbing-riyadh/,2026-09-02,2026-09-11,1,extra-core-city-service
new-building-electrical-plumbing-taif,شركة تأسيس كهرباء وسباكة لمبنى جديد بالطائف,https://www.rukn-eltatawer.com/sa/new-building-electrical-plumbing-taif/,2026-09-05,2026-09-10,1,extra-core-city-service
new-central-ac-installation-abha,شركة تركيب تكييف مركزي جديد بأبها,https://www.rukn-eltatawer.com/sa/new-central-ac-installation-abha/,2026-09-05,2026-09-10,1,extra-core-city-service
new-central-ac-installation-dammam,شركة تركيب تكييف مركزي جديد بالدمام,https://www.rukn-eltatawer.com/sa/new-central-ac-installation-dammam/,2026-09-04,2026-09-11,1,extra-core-city-service
new-central-ac-installation-jeddah,شركة تركيب تكييف مركزي جديد بجدة,https://www.rukn-eltatawer.com/sa/new-central-ac-installation-jeddah/,2026-09-03,2026-09-11,1,extra-core-city-service
new-central-ac-installation-khobar,شركة تركيب تكييف مركزي جديد بالخبر,https://www.rukn-eltatawer.com/sa/new-central-ac-installation-khobar/,2026-09-04,2026-09-11,1,extra-core-city-service
new-central-ac-installation-mecca,شركة تركيب تكييف مركزي جديد بمكة المكرمة,https://www.rukn-eltatawer.com/sa/new-central-ac-installation-mecca/,2026-09-03,2026-09-09,1,extra-core-city-service
new-central-ac-installation-medina,شركة تركيب تكييف مركزي جديد بالمدينة المنورة,https://www.rukn-eltatawer.com/sa/new-central-ac-installation-medina/,2026-09-03,2026-09-11,1,extra-core-city-service
new-central-ac-installation-riyadh,شركة تركيب تكييف مركزي جديد بالرياض,https://www.rukn-eltatawer.com/sa/new-central-ac-installation-riyadh/,2026-09-02,2026-09-11,1,extra-core-city-service
new-central-ac-installation-taif,شركة تركيب تكييف مركزي جديد بالطائف,https://www.rukn-eltatawer.com/sa/new-central-ac-installation-taif/,2026-09-05,2026-09-09,1,extra-core-city-service
new-electrical-wiring-abha,شركة تمديدات كهربائية جديدة بأبها,https://www.rukn-eltatawer.com/sa/new-electrical-wiring-abha/,2026-09-05,2026-09-09,1,extra-core-city-service
new-electrical-wiring-dammam,شركة تمديدات كهربائية جديدة بالدمام,https://www.rukn-eltatawer.com/sa/new-electrical-wiring-dammam/,2026-09-04,2026-09-09,1,extra-core-city-service
new-electrical-wiring-jeddah,شركة تمديدات كهربائية جديدة بجدة,https://www.rukn-eltatawer.com/sa/new-electrical-wiring-jeddah/,2026-09-03,2026-09-09,1,extra-core-city-service
new-electrical-wiring-khobar,شركة تمديدات كهربائية جديدة بالخبر,https://www.rukn-eltatawer.com/sa/new-electrical-wiring-khobar/,2026-09-04,2026-09-09,1,extra-core-city-service
new-electrical-wiring-mecca,شركة تمديدات كهربائية جديدة بمكة المكرمة,https://www.rukn-eltatawer.com/sa/new-electrical-wiring-mecca/,2026-09-03,2026-09-09,1,extra-core-city-service
new-electrical-wiring-medina,شركة تمديدات كهربائية جديدة بالمدينة المنورة,https://www.rukn-eltatawer.com/sa/new-electrical-wiring-medina/,2026-09-04,2026-09-09,1,extra-core-city-service
new-electrical-wiring-riyadh,شركة تمديدات كهربائية جديدة بالرياض,https://www.rukn-eltatawer.com/sa/new-electrical-wiring-riyadh/,2026-09-02,2026-09-09,1,extra-core-city-service
new-electrical-wiring-taif,شركة تمديدات كهربائية جديدة بالطائف,https://www.rukn-eltatawer.com/sa/new-electrical-wiring-taif/,2026-09-05,2026-09-09,1,extra-core-city-service
new-villa-finishing-painting-abha,شركة تشطيب ودهان فلل جديدة بأبها,https://www.rukn-eltatawer.com/sa/new-villa-finishing-painting-abha/,2026-09-06,2026-09-10,1,extra-core-city-service
new-villa-finishing-painting-dammam,شركة تشطيب ودهان فلل جديدة بالدمام,https://www.rukn-eltatawer.com/sa/new-villa-finishing-painting-dammam/,2026-09-06,2026-09-10,1,extra-core-city-service
new-villa-finishing-painting-jeddah,شركة تشطيب ودهان فلل جديدة بجدة,https://www.rukn-eltatawer.com/sa/new-villa-finishing-painting-jeddah/,2026-09-06,2026-09-10,1,extra-core-city-service
new-villa-finishing-painting-khobar,شركة تشطيب ودهان فلل جديدة بالخبر,https://www.rukn-eltatawer.com/sa/new-villa-finishing-painting-khobar/,2026-09-06,2026-09-10,1,extra-core-city-service
new-villa-finishing-painting-mecca,شركة تشطيب ودهان فلل جديدة بمكة المكرمة,https://www.rukn-eltatawer.com/sa/new-villa-finishing-painting-mecca/,2026-09-06,2026-09-10,1,extra-core-city-service
new-villa-finishing-painting-medina,شركة تشطيب ودهان فلل جديدة بالمدينة المنورة,https://www.rukn-eltatawer.com/sa/new-villa-finishing-painting-medina/,2026-09-06,2026-09-10,1,extra-core-city-service
new-villa-finishing-painting-riyadh,شركة تشطيب ودهان فلل جديدة بالرياض,https://www.rukn-eltatawer.com/sa/new-villa-finishing-painting-riyadh/,2026-09-05,2026-09-10,1,extra-core-city-service
new-villa-finishing-painting-taif,شركة تشطيب ودهان فلل جديدة بالطائف,https://www.rukn-eltatawer.com/sa/new-villa-finishing-painting-taif/,2026-09-06,2026-09-10,1,extra-core-city-service
nsayh-llanayh-balmnzl,نصائح للعناية بالمنزل طوال العام,https://www.rukn-eltatawer.com/sa/nsayh-llanayh-balmnzl/,2026-07-01,2026-09-10,0,other
office-painting-abha,شركة دهان مكاتب وشركات بأبها,https://www.rukn-eltatawer.com/sa/office-painting-abha/,2026-09-06,2026-09-10,1,extra-core-city-service
office-painting-dammam,شركة دهان مكاتب وشركات بالدمام,https://www.rukn-eltatawer.com/sa/office-painting-dammam/,2026-09-06,2026-09-10,1,extra-core-city-service
office-painting-jeddah,شركة دهان مكاتب وشركات بجدة,https://www.rukn-eltatawer.com/sa/office-painting-jeddah/,2026-09-06,2026-09-10,1,extra-core-city-service
office-painting-khobar,شركة دهان مكاتب وشركات بالخبر,https://www.rukn-eltatawer.com/sa/office-painting-khobar/,2026-09-06,2026-09-10,1,extra-core-city-service
office-painting-mecca,شركة دهان مكاتب وشركات بمكة المكرمة,https://www.rukn-eltatawer.com/sa/office-painting-mecca/,2026-09-06,2026-09-10,1,extra-core-city-service
office-painting-medina,شركة دهان مكاتب وشركات بالمدينة المنورة,https://www.rukn-eltatawer.com/sa/office-painting-medina/,2026-09-06,2026-09-10,1,extra-core-city-service
office-painting-riyadh,شركة دهان مكاتب وشركات بالرياض,https://www.rukn-eltatawer.com/sa/office-painting-riyadh/,2026-09-05,2026-09-09,1,extra-core-city-service
office-painting-taif,شركة دهان مكاتب وشركات بالطائف,https://www.rukn-eltatawer.com/sa/office-painting-taif/,2026-09-06,2026-09-10,1,extra-core-city-service
paint-removal-surface-prep-abha,شركة إزالة دهان قديم وتحضير أسطح بأبها,https://www.rukn-eltatawer.com/sa/paint-removal-surface-prep-abha/,2026-09-06,2026-09-10,1,extra-core-city-service
paint-removal-surface-prep-dammam,شركة إزالة دهان قديم وتحضير أسطح بالدمام,https://www.rukn-eltatawer.com/sa/paint-removal-surface-prep-dammam/,2026-09-06,2026-09-10,1,extra-core-city-service
paint-removal-surface-prep-jeddah,شركة إزالة دهان قديم وتحضير أسطح بجدة,https://www.rukn-eltatawer.com/sa/paint-removal-surface-prep-jeddah/,2026-09-06,2026-09-10,1,extra-core-city-service
paint-removal-surface-prep-khobar,شركة إزالة دهان قديم وتحضير أسطح بالخبر,https://www.rukn-eltatawer.com/sa/paint-removal-surface-prep-khobar/,2026-09-06,2026-09-09,1,extra-core-city-service
paint-removal-surface-prep-mecca,شركة إزالة دهان قديم وتحضير أسطح بمكة المكرمة,https://www.rukn-eltatawer.com/sa/paint-removal-surface-prep-mecca/,2026-09-06,2026-09-10,1,extra-core-city-service
paint-removal-surface-prep-medina,شركة إزالة دهان قديم وتحضير أسطح بالمدينة المنورة,https://www.rukn-eltatawer.com/sa/paint-removal-surface-prep-medina/,2026-09-06,2026-09-10,1,extra-core-city-service
paint-removal-surface-prep-riyadh,شركة إزالة دهان قديم وتحضير أسطح بالرياض,https://www.rukn-eltatawer.com/sa/paint-removal-surface-prep-riyadh/,2026-09-05,2026-09-09,1,extra-core-city-service
paint-removal-surface-prep-taif,شركة إزالة دهان قديم وتحضير أسطح بالطائف,https://www.rukn-eltatawer.com/sa/paint-removal-surface-prep-taif/,2026-09-06,2026-09-10,1,extra-core-city-service
plumbing-fault-repair-abha,شركة كشف وإصلاح أعطال السباكة بأبها,https://www.rukn-eltatawer.com/sa/plumbing-fault-repair-abha/,2026-09-05,2026-09-10,1,extra-core-city-service
plumbing-fault-repair-dammam,شركة كشف وإصلاح أعطال السباكة بالدمام,https://www.rukn-eltatawer.com/sa/plumbing-fault-repair-dammam/,2026-09-04,2026-09-11,1,extra-core-city-service
plumbing-fault-repair-jeddah,شركة كشف وإصلاح أعطال السباكة بجدة,https://www.rukn-eltatawer.com/sa/plumbing-fault-repair-jeddah/,2026-09-03,2026-09-09,1,extra-core-city-service
plumbing-fault-repair-khobar,شركة كشف وإصلاح أعطال السباكة بالخبر,https://www.rukn-eltatawer.com/sa/plumbing-fault-repair-khobar/,2026-09-04,2026-09-09,1,extra-core-city-service
plumbing-fault-repair-mecca,شركة كشف وإصلاح أعطال السباكة بمكة المكرمة,https://www.rukn-eltatawer.com/sa/plumbing-fault-repair-mecca/,2026-09-03,2026-09-11,1,extra-core-city-service
plumbing-fault-repair-medina,شركة كشف وإصلاح أعطال السباكة بالمدينة المنورة,https://www.rukn-eltatawer.com/sa/plumbing-fault-repair-medina/,2026-09-04,2026-09-11,1,extra-core-city-service
plumbing-fault-repair-riyadh,شركة كشف وإصلاح أعطال السباكة بالرياض,https://www.rukn-eltatawer.com/sa/plumbing-fault-repair-riyadh/,2026-09-02,2026-09-11,1,extra-core-city-service
plumbing-fault-repair-taif,شركة كشف وإصلاح أعطال السباكة بالطائف,https://www.rukn-eltatawer.com/sa/plumbing-fault-repair-taif/,2026-09-05,2026-09-10,1,extra-core-city-service
post-leak-repaint-maintenance-abha,شركة صيانة ودهان بعد التسريبات بأبها,https://www.rukn-eltatawer.com/sa/post-leak-repaint-maintenance-abha/,2026-09-06,2026-09-10,1,extra-core-city-service
post-leak-repaint-maintenance-dammam,شركة صيانة ودهان بعد التسريبات بالدمام,https://www.rukn-eltatawer.com/sa/post-leak-repaint-maintenance-dammam/,2026-09-06,2026-09-10,1,extra-core-city-service
post-leak-repaint-maintenance-jeddah,شركة صيانة ودهان بعد التسريبات بجدة,https://www.rukn-eltatawer.com/sa/post-leak-repaint-maintenance-jeddah/,2026-09-06,2026-09-10,1,extra-core-city-service
post-leak-repaint-maintenance-khobar,شركة صيانة ودهان بعد التسريبات بالخبر,https://www.rukn-eltatawer.com/sa/post-leak-repaint-maintenance-khobar/,2026-09-06,2026-09-10,1,extra-core-city-service
post-leak-repaint-maintenance-mecca,شركة صيانة ودهان بعد التسريبات بمكة المكرمة,https://www.rukn-eltatawer.com/sa/post-leak-repaint-maintenance-mecca/,2026-09-06,2026-09-09,1,extra-core-city-service
post-leak-repaint-maintenance-medina,شركة صيانة ودهان بعد التسريبات بالمدينة المنورة,https://www.rukn-eltatawer.com/sa/post-leak-repaint-maintenance-medina/,2026-09-06,2026-09-10,1,extra-core-city-service
post-leak-repaint-maintenance-riyadh,شركة صيانة ودهان بعد التسريبات بالرياض,https://www.rukn-eltatawer.com/sa/post-leak-repaint-maintenance-riyadh/,2026-09-06,2026-09-09,1,extra-core-city-service
post-leak-repaint-maintenance-taif,شركة صيانة ودهان بعد التسريبات بالطائف,https://www.rukn-eltatawer.com/sa/post-leak-repaint-maintenance-taif/,2026-09-06,2026-09-10,1,extra-core-city-service
premium-paint-finishing-abha,شركة دهان بويات عالية الجودة بأبها,https://www.rukn-eltatawer.com/sa/premium-paint-finishing-abha/,2026-09-06,2026-09-10,1,extra-core-city-service
premium-paint-finishing-dammam,شركة دهان بويات عالية الجودة بالدمام,https://www.rukn-eltatawer.com/sa/premium-paint-finishing-dammam/,2026-09-06,2026-09-10,1,extra-core-city-service
premium-paint-finishing-jeddah,شركة دهان بويات عالية الجودة بجدة,https://www.rukn-eltatawer.com/sa/premium-paint-finishing-jeddah/,2026-09-06,2026-09-10,1,extra-core-city-service
premium-paint-finishing-khobar,شركة دهان بويات عالية الجودة بالخبر,https://www.rukn-eltatawer.com/sa/premium-paint-finishing-khobar/,2026-09-06,2026-09-10,1,extra-core-city-service
premium-paint-finishing-mecca,شركة دهان بويات عالية الجودة بمكة المكرمة,https://www.rukn-eltatawer.com/sa/premium-paint-finishing-mecca/,2026-09-06,2026-09-10,1,extra-core-city-service
premium-paint-finishing-medina,شركة دهان بويات عالية الجودة بالمدينة المنورة,https://www.rukn-eltatawer.com/sa/premium-paint-finishing-medina/,2026-09-06,2026-09-10,1,extra-core-city-service
premium-paint-finishing-riyadh,شركة دهان بويات عالية الجودة بالرياض,https://www.rukn-eltatawer.com/sa/premium-paint-finishing-riyadh/,2026-09-05,2026-09-09,1,extra-core-city-service
premium-paint-finishing-taif,شركة دهان بويات عالية الجودة بالطائف,https://www.rukn-eltatawer.com/sa/premium-paint-finishing-taif/,2026-09-06,2026-09-10,1,extra-core-city-service
roof-insulation-painting-abha,شركة عزل ودهان أسطح بأبها,https://www.rukn-eltatawer.com/sa/roof-insulation-painting-abha/,2026-09-06,2026-09-10,1,extra-core-city-service
roof-insulation-painting-dammam,شركة عزل ودهان أسطح بالدمام,https://www.rukn-eltatawer.com/sa/roof-insulation-painting-dammam/,2026-09-06,2026-09-10,1,extra-core-city-service
roof-insulation-painting-jeddah,شركة عزل ودهان أسطح بجدة,https://www.rukn-eltatawer.com/sa/roof-insulation-painting-jeddah/,2026-09-06,2026-09-10,1,extra-core-city-service
roof-insulation-painting-khobar,شركة عزل ودهان أسطح بالخبر,https://www.rukn-eltatawer.com/sa/roof-insulation-painting-khobar/,2026-09-06,2026-09-10,1,extra-core-city-service
roof-insulation-painting-mecca,شركة عزل ودهان أسطح بمكة المكرمة,https://www.rukn-eltatawer.com/sa/roof-insulation-painting-mecca/,2026-09-06,2026-09-10,1,extra-core-city-service
roof-insulation-painting-medina,شركة عزل ودهان أسطح بالمدينة المنورة,https://www.rukn-eltatawer.com/sa/roof-insulation-painting-medina/,2026-09-06,2026-09-10,1,extra-core-city-service
roof-insulation-painting-riyadh,شركة عزل ودهان أسطح بالرياض,https://www.rukn-eltatawer.com/sa/roof-insulation-painting-riyadh/,2026-09-06,2026-09-09,1,extra-core-city-service
roof-insulation-painting-taif,شركة عزل ودهان أسطح بالطائف,https://www.rukn-eltatawer.com/sa/roof-insulation-painting-taif/,2026-09-06,2026-09-10,1,extra-core-city-service
sanitary-fixtures-installation-abha,شركة تركيب أدوات صحية بأبها,https://www.rukn-eltatawer.com/sa/sanitary-fixtures-installation-abha/,2026-09-06,2026-09-10,1,extra-core-city-service
sanitary-fixtures-installation-dammam,شركة تركيب أدوات صحية بالدمام,https://www.rukn-eltatawer.com/sa/sanitary-fixtures-installation-dammam/,2026-09-06,2026-09-10,1,extra-core-city-service
sanitary-fixtures-installation-jeddah,شركة تركيب أدوات صحية بجدة,https://www.rukn-eltatawer.com/sa/sanitary-fixtures-installation-jeddah/,2026-09-06,2026-09-10,1,extra-core-city-service
sanitary-fixtures-installation-khobar,شركة تركيب أدوات صحية بالخبر,https://www.rukn-eltatawer.com/sa/sanitary-fixtures-installation-khobar/,2026-09-06,2026-09-09,1,extra-core-city-service
sanitary-fixtures-installation-mecca,شركة تركيب أدوات صحية بمكة المكرمة,https://www.rukn-eltatawer.com/sa/sanitary-fixtures-installation-mecca/,2026-09-06,2026-09-10,1,extra-core-city-service
sanitary-fixtures-installation-medina,شركة تركيب أدوات صحية بالمدينة المنورة,https://www.rukn-eltatawer.com/sa/sanitary-fixtures-installation-medina/,2026-09-06,2026-09-10,1,extra-core-city-service
sanitary-fixtures-installation-riyadh,شركة تركيب أدوات صحية بالرياض,https://www.rukn-eltatawer.com/sa/sanitary-fixtures-installation-riyadh/,2026-09-05,2026-09-10,1,extra-core-city-service
sanitary-fixtures-installation-taif,شركة تركيب أدوات صحية بالطائف,https://www.rukn-eltatawer.com/sa/sanitary-fixtures-installation-taif/,2026-09-06,2026-09-10,1,extra-core-city-service
sbakh-wsyanh-aamh,سباكة وصيانة عامة للمنازل — حلول سريعة ومعتمدة,https://www.rukn-eltatawer.com/sa/sbakh-wsyanh-aamh/,2026-07-01,2026-09-13,0,other
sharikat-tanzif-filla-bilriyadh,شركة تنظيف فلل بالرياض,https://www.rukn-eltatawer.com/sa/sharikat-tanzif-filla-bilriyadh/,2026-03-28,2026-09-11,1,blog-or-duplicate-ar-slug
sharikat-tanzif-kanab-bilbukhar-bilriyadh,شركة تنظيف كنب بالبخار بالرياض,https://www.rukn-eltatawer.com/sa/sharikat-tanzif-kanab-bilbukhar-bilriyadh/,2026-03-28,2026-09-11,1,blog-or-duplicate-ar-slug
split-ac-installation-abha,شركة تركيب مكيفات سبليت بأبها,https://www.rukn-eltatawer.com/sa/split-ac-installation-abha/,2026-09-05,2026-09-10,1,extra-core-city-service
split-ac-installation-dammam,شركة تركيب مكيفات سبليت بالدمام,https://www.rukn-eltatawer.com/sa/split-ac-installation-dammam/,2026-09-04,2026-09-11,1,extra-core-city-service
split-ac-installation-jeddah,شركة تركيب مكيفات سبليت بجدة,https://www.rukn-eltatawer.com/sa/split-ac-installation-jeddah/,2026-09-03,2026-09-11,1,extra-core-city-service
split-ac-installation-khobar,شركة تركيب مكيفات سبليت بالخبر,https://www.rukn-eltatawer.com/sa/split-ac-installation-khobar/,2026-09-04,2026-09-11,1,extra-core-city-service
split-ac-installation-mecca,شركة تركيب مكيفات سبليت بمكة المكرمة,https://www.rukn-eltatawer.com/sa/split-ac-installation-mecca/,2026-09-03,2026-09-09,1,extra-core-city-service
split-ac-installation-medina,شركة تركيب مكيفات سبليت بالمدينة المنورة,https://www.rukn-eltatawer.com/sa/split-ac-installation-medina/,2026-09-03,2026-09-11,1,extra-core-city-service
split-ac-installation-riyadh,شركة تركيب مكيفات سبليت بالرياض,https://www.rukn-eltatawer.com/sa/split-ac-installation-riyadh/,2026-09-02,2026-09-11,1,extra-core-city-service
split-ac-installation-taif,شركة تركيب مكيفات سبليت بالطائف,https://www.rukn-eltatawer.com/sa/split-ac-installation-taif/,2026-09-05,2026-09-09,1,extra-core-city-service
syanh-altkyyf,صيانة التكييف — تبريد أقوى واستهلاك أقل,https://www.rukn-eltatawer.com/sa/syanh-altkyyf/,2026-07-01,2026-09-13,0,other
tanzif-filla-fakhira-bilriyadh,تنظيف فلل فاخرة بالرياض,https://www.rukn-eltatawer.com/sa/tanzif-filla-fakhira-bilriyadh/,2026-03-28,2026-09-11,1,blog-or-duplicate-ar-slug
tanzif-manazil-bilriyadh-maa-altaqim,تنظيف منازل بالرياض مع التعقيم الكامل,https://www.rukn-eltatawer.com/sa/tanzif-manazil-bilriyadh-maa-altaqim/,2026-03-28,2026-09-10,1,blog-or-duplicate-ar-slug
tanzif-shamil-lilmanazil-bilriyadh,تنظيف شامل للمنازل بالرياض,https://www.rukn-eltatawer.com/sa/tanzif-shamil-lilmanazil-bilriyadh/,2026-03-28,2026-09-10,1,blog-or-duplicate-ar-slug
tanzif-sijjad-wamaukit-bilriyadh,تنظيف سجاد وموكيت بالرياض,https://www.rukn-eltatawer.com/sa/tanzif-sijjad-wamaukit-bilriyadh/,2026-03-28,2026-09-11,1,blog-or-duplicate-ar-slug
tnzyf-wtaqym,تنظيف وتعقيم المنازل — نظافة عميقة تدوم,https://www.rukn-eltatawer.com/sa/tnzyf-wtaqym/,2026-07-01,2026-09-13,0,other
villa-cleaning-al-baha,تنظيف فلل بالباحة | خدمات احترافية من ركن التطور 2026,https://www.rukn-eltatawer.com/sa/villa-cleaning-al-baha/,2026-08-14,2026-09-11,1,other
villa-painting-abha,شركة دهان فلل بأبها,https://www.rukn-eltatawer.com/sa/villa-painting-abha/,2026-09-06,2026-09-10,1,extra-core-city-service
villa-painting-dammam,شركة دهان فلل بالدمام,https://www.rukn-eltatawer.com/sa/villa-painting-dammam/,2026-09-06,2026-09-10,1,extra-core-city-service
villa-painting-jeddah,شركة دهان فلل بجدة,https://www.rukn-eltatawer.com/sa/villa-painting-jeddah/,2026-09-06,2026-09-10,1,extra-core-city-service
villa-painting-khobar,شركة دهان فلل بالخبر,https://www.rukn-eltatawer.com/sa/villa-painting-khobar/,2026-09-06,2026-09-10,1,extra-core-city-service
villa-painting-mecca,شركة دهان فلل بمكة المكرمة,https://www.rukn-eltatawer.com/sa/villa-painting-mecca/,2026-09-06,2026-09-10,1,extra-core-city-service
villa-painting-medina,شركة دهان فلل بالمدينة المنورة,https://www.rukn-eltatawer.com/sa/villa-painting-medina/,2026-09-06,2026-09-10,1,extra-core-city-service
villa-painting-riyadh,شركة دهان فلل بالرياض,https://www.rukn-eltatawer.com/sa/villa-painting-riyadh/,2026-09-05,2026-09-10,1,extra-core-city-service
villa-painting-taif,شركة دهان فلل بالطائف,https://www.rukn-eltatawer.com/sa/villa-painting-taif/,2026-09-06,2026-09-10,1,extra-core-city-service
wallpaper-installation-abha,شركة تركيب ورق حائط بأبها,https://www.rukn-eltatawer.com/sa/wallpaper-installation-abha/,2026-09-06,2026-09-10,1,extra-core-city-service
wallpaper-installation-dammam,شركة تركيب ورق حائط بالدمام,https://www.rukn-eltatawer.com/sa/wallpaper-installation-dammam/,2026-09-06,2026-09-10,1,extra-core-city-service
wallpaper-installation-jeddah,شركة تركيب ورق حائط بجدة,https://www.rukn-eltatawer.com/sa/wallpaper-installation-jeddah/,2026-09-06,2026-09-10,1,extra-core-city-service
wallpaper-installation-khobar,شركة تركيب ورق حائط بالخبر,https://www.rukn-eltatawer.com/sa/wallpaper-installation-khobar/,2026-09-06,2026-09-10,1,extra-core-city-service
wallpaper-installation-mecca,شركة تركيب ورق حائط بمكة المكرمة,https://www.rukn-eltatawer.com/sa/wallpaper-installation-mecca/,2026-09-06,2026-09-10,1,extra-core-city-service
wallpaper-installation-medina,شركة تركيب ورق حائط بالمدينة المنورة,https://www.rukn-eltatawer.com/sa/wallpaper-installation-medina/,2026-09-06,2026-09-10,1,extra-core-city-service
wallpaper-installation-riyadh,شركة تركيب ورق حائط بالرياض,https://www.rukn-eltatawer.com/sa/wallpaper-installation-riyadh/,2026-09-05,2026-09-09,1,extra-core-city-service
wallpaper-installation-taif,شركة تركيب ورق حائط بالطائف,https://www.rukn-eltatawer.com/sa/wallpaper-installation-taif/,2026-09-06,2026-09-10,1,extra-core-city-service
water-heater-installation-abha,شركة تركيب سخانات مياه بأبها,https://www.rukn-eltatawer.com/sa/water-heater-installation-abha/,2026-09-05,2026-09-10,1,extra-core-city-service
water-heater-installation-dammam,شركة تركيب سخانات مياه بالدمام,https://www.rukn-eltatawer.com/sa/water-heater-installation-dammam/,2026-09-04,2026-09-11,1,extra-core-city-service
water-heater-installation-jeddah,شركة تركيب سخانات مياه بجدة,https://www.rukn-eltatawer.com/sa/water-heater-installation-jeddah/,2026-09-03,2026-09-09,1,extra-core-city-service
water-heater-installation-khobar,شركة تركيب سخانات مياه بالخبر,https://www.rukn-eltatawer.com/sa/water-heater-installation-khobar/,2026-09-04,2026-09-09,1,extra-core-city-service
water-heater-installation-mecca,شركة تركيب سخانات مياه بمكة المكرمة,https://www.rukn-eltatawer.com/sa/water-heater-installation-mecca/,2026-09-03,2026-09-11,1,extra-core-city-service
water-heater-installation-medina,شركة تركيب سخانات مياه بالمدينة المنورة,https://www.rukn-eltatawer.com/sa/water-heater-installation-medina/,2026-09-03,2026-09-11,1,extra-core-city-service
water-heater-installation-riyadh,شركة تركيب سخانات مياه بالرياض,https://www.rukn-eltatawer.com/sa/water-heater-installation-riyadh/,2026-09-02,2026-09-11,1,extra-core-city-service
water-heater-installation-taif,شركة تركيب سخانات مياه بالطائف,https://www.rukn-eltatawer.com/sa/water-heater-installation-taif/,2026-09-05,2026-09-10,1,extra-core-city-service
water-leak-detection-abu-arish,كشف تسربات المياه في أبو عريش | شركة ركن التطور,https://www.rukn-eltatawer.com/sa/water-leak-detection-abu-arish/,2026-02-10,2026-09-10,0,leak-secondary-city
water-leak-detection-al-aflaj,كشف تسربات المياه في الأفلاج | شركة ركن التطور,https://www.rukn-eltatawer.com/sa/water-leak-detection-al-aflaj/,2026-02-10,2026-09-10,0,leak-secondary-city
water-leak-detection-al-ahsa,كشف تسربات المياه في الأحساء,https://www.rukn-eltatawer.com/sa/water-leak-detection-al-ahsa/,2026-02-10,2026-09-09,1,leak-secondary-city
water-leak-detection-al-baha,كشف تسربات المياه في الباحة,https://www.rukn-eltatawer.com/sa/water-leak-detection-al-baha/,2026-02-10,2026-09-09,1,leak-secondary-city
water-leak-detection-al-bukayriyah,كشف تسربات المياه في البكيرية | شركة ركن التطور,https://www.rukn-eltatawer.com/sa/water-leak-detection-al-bukayriyah/,2026-02-10,2026-09-10,0,leak-secondary-city
water-leak-detection-al-dawadmi,كشف تسربات المياه في الدوادمي,https://www.rukn-eltatawer.com/sa/water-leak-detection-al-dawadmi/,2026-02-10,2026-09-09,1,leak-secondary-city
water-leak-detection-al-hinakiyah,كشف تسربات المياه في الحناكية | شركة ركن التطور,https://www.rukn-eltatawer.com/sa/water-leak-detection-al-hinakiyah/,2026-02-10,2026-09-10,0,leak-secondary-city
water-leak-detection-al-jumum,كشف تسربات المياه في الجموم | شركة ركن التطور,https://www.rukn-eltatawer.com/sa/water-leak-detection-al-jumum/,2026-02-10,2026-09-10,0,leak-secondary-city
water-leak-detection-al-kharj,كشف تسربات المياه في الخرج,https://www.rukn-eltatawer.com/sa/water-leak-detection-al-kharj/,2026-02-10,2026-09-10,0,leak-secondary-city
water-leak-detection-al-lith,كشف تسربات المياه في الليث,https://www.rukn-eltatawer.com/sa/water-leak-detection-al-lith/,2026-02-10,2026-09-10,0,leak-secondary-city
water-leak-detection-al-mahd,كشف تسربات المياه في المهد | شركة ركن التطور,https://www.rukn-eltatawer.com/sa/water-leak-detection-al-mahd/,2026-02-10,2026-09-10,0,leak-secondary-city
water-leak-detection-al-majmaah,كشف تسربات المياه في المجمعة | شركة ركن التطور,https://www.rukn-eltatawer.com/sa/water-leak-detection-al-majmaah/,2026-02-10,2026-09-10,0,leak-secondary-city
water-leak-detection-al-makhwah,كشف تسربات المياه في المخواة | شركة ركن التطور,https://www.rukn-eltatawer.com/sa/water-leak-detection-al-makhwah/,2026-02-10,2026-09-10,0,leak-secondary-city
water-leak-detection-al-mandaq,كشف تسربات المياه في المندق | شركة ركن التطور,https://www.rukn-eltatawer.com/sa/water-leak-detection-al-mandaq/,2026-02-10,2026-09-10,0,leak-secondary-city
water-leak-detection-al-namas,كشف تسربات المياه في النماص | شركة ركن التطور,https://www.rukn-eltatawer.com/sa/water-leak-detection-al-namas/,2026-02-10,2026-09-10,0,leak-secondary-city
water-leak-detection-al-qunfudhah,كشف تسربات المياه في القنفذة,https://www.rukn-eltatawer.com/sa/water-leak-detection-al-qunfudhah/,2026-02-10,2026-09-10,0,leak-secondary-city
water-leak-detection-al-qurayyat,كشف تسربات المياه في القريات | شركة ركن التطور,https://www.rukn-eltatawer.com/sa/water-leak-detection-al-qurayyat/,2026-02-10,2026-09-10,0,leak-secondary-city
water-leak-detection-al-wajh,كشف تسربات المياه في الوجه | شركة ركن التطور,https://www.rukn-eltatawer.com/sa/water-leak-detection-al-wajh/,2026-02-10,2026-09-10,0,leak-secondary-city
water-leak-detection-al-zulfi,كشف تسربات المياه في الزلفي,https://www.rukn-eltatawer.com/sa/water-leak-detection-al-zulfi/,2026-02-10,2026-09-10,0,leak-secondary-city
water-leak-detection-alula,كشف تسربات المياه في العلا | شركة ركن التطور,https://www.rukn-eltatawer.com/sa/water-leak-detection-alula/,2026-02-10,2026-09-10,0,leak-secondary-city
water-leak-detection-an-nuayriyah,كشف تسربات المياه في النعيرية | شركة ركن التطور,https://www.rukn-eltatawer.com/sa/water-leak-detection-an-nuayriyah/,2026-02-10,2026-09-10,0,leak-secondary-city
water-leak-detection-ar-rass,كشف تسربات المياه في الرس | شركة ركن التطور,https://www.rukn-eltatawer.com/sa/water-leak-detection-ar-rass/,2026-02-10,2026-09-10,0,leak-secondary-city
water-leak-detection-arar,كشف تسربات المياه في عرعر,https://www.rukn-eltatawer.com/sa/water-leak-detection-arar/,2026-02-10,2026-09-10,0,leak-secondary-city
water-leak-detection-badr,كشف تسربات المياه في بدر | شركة ركن التطور,https://www.rukn-eltatawer.com/sa/water-leak-detection-badr/,2026-02-10,2026-09-10,0,leak-secondary-city
water-leak-detection-baljurashi,كشف تسربات المياه في بلجرشي | شركة ركن التطور,https://www.rukn-eltatawer.com/sa/water-leak-detection-baljurashi/,2026-02-10,2026-09-10,0,leak-secondary-city
water-leak-detection-bisha,كشف تسربات المياه في بيشة | شركة ركن التطور,https://www.rukn-eltatawer.com/sa/water-leak-detection-bisha/,2026-02-10,2026-09-10,0,leak-secondary-city
water-leak-detection-buraidah,كشف تسربات المياه في بريدة,https://www.rukn-eltatawer.com/sa/water-leak-detection-buraidah/,2026-02-10,2026-09-09,1,leak-secondary-city
water-leak-detection-dhahran,كشف تسربات المياه في الظهران,https://www.rukn-eltatawer.com/sa/water-leak-detection-dhahran/,2026-02-10,2026-09-10,0,leak-secondary-city
water-leak-detection-duba,كشف تسربات المياه في ضباء | شركة ركن التطور,https://www.rukn-eltatawer.com/sa/water-leak-detection-duba/,2026-02-10,2026-09-10,0,leak-secondary-city
water-leak-detection-dumat-al-jandal,كشف تسربات المياه في دومة الجندل | شركة ركن التطور,https://www.rukn-eltatawer.com/sa/water-leak-detection-dumat-al-jandal/,2026-02-10,2026-09-10,0,leak-secondary-city
water-leak-detection-east-jeddah,كشف تسربات المياه في شرق جدة,https://www.rukn-eltatawer.com/sa/water-leak-detection-east-jeddah/,2026-02-10,2026-09-09,1,extra-core-city-service
water-leak-detection-east-riyadh,كشف تسربات المياه في شرق الرياض,https://www.rukn-eltatawer.com/sa/water-leak-detection-east-riyadh/,2026-02-10,2026-09-09,1,extra-core-city-service
water-leak-detection-hafar-al-batin,كشف تسربات المياه في حفر الباطن | شركة ركن التطور,https://www.rukn-eltatawer.com/sa/water-leak-detection-hafar-al-batin/,2026-02-10,2026-09-10,0,leak-secondary-city
water-leak-detection-hail,كشف تسربات المياه في حائل,https://www.rukn-eltatawer.com/sa/water-leak-detection-hail/,2026-02-10,2026-09-09,1,leak-secondary-city
water-leak-detection-hofuf,كشف تسربات المياه في الهفوف,https://www.rukn-eltatawer.com/sa/water-leak-detection-hofuf/,2026-02-10,2026-09-10,0,leak-secondary-city
water-leak-detection-jazan,كشف تسربات المياه في جازان,https://www.rukn-eltatawer.com/sa/water-leak-detection-jazan/,2026-02-10,2026-09-09,1,leak-secondary-city
water-leak-detection-jeddah-center,كشف تسربات المياه في جدة,https://www.rukn-eltatawer.com/sa/water-leak-detection-jeddah-center/,2026-02-10,2026-09-09,1,leak-district
water-leak-detection-jubail,كشف تسربات المياه في الجبيل,https://www.rukn-eltatawer.com/sa/water-leak-detection-jubail/,2026-02-10,2026-09-09,1,leak-secondary-city
water-leak-detection-khafji,كشف تسربات المياه بالخفجي,https://www.rukn-eltatawer.com/sa/water-leak-detection-khafji/,2026-02-10,2026-09-09,1,leak-secondary-city
water-leak-detection-khamis-mushait,كشف تسربات المياه في خميس مشيط,https://www.rukn-eltatawer.com/sa/water-leak-detection-khamis-mushait/,2026-02-10,2026-09-09,1,leak-secondary-city
water-leak-detection-madinah,كشف تسربات المياه في المدينة المنورة,https://www.rukn-eltatawer.com/sa/water-leak-detection-madinah/,2026-02-10,2026-09-09,1,leak-secondary-city
water-leak-detection-makkah-center,كشف تسربات المياه في مكة,https://www.rukn-eltatawer.com/sa/water-leak-detection-makkah-center/,2026-02-10,2026-09-09,1,leak-district
water-leak-detection-makkah-neighborhoods,كشف تسربات المياه في أحياء مكة,https://www.rukn-eltatawer.com/sa/water-leak-detection-makkah-neighborhoods/,2026-02-10,2026-09-09,1,leak-district
water-leak-detection-mubarraz,كشف تسربات المياه في المبرز,https://www.rukn-eltatawer.com/sa/water-leak-detection-mubarraz/,2026-02-10,2026-09-10,0,leak-secondary-city
water-leak-detection-muhayil-asir,كشف تسربات المياه في محايل عسير | شركة ركن التطور,https://www.rukn-eltatawer.com/sa/water-leak-detection-muhayil-asir/,2026-02-10,2026-09-10,0,leak-secondary-city
water-leak-detection-najran,كشف تسربات المياه في نجران,https://www.rukn-eltatawer.com/sa/water-leak-detection-najran/,2026-02-10,2026-09-09,1,leak-secondary-city
water-leak-detection-north-jeddah,كشف تسربات المياه في شمال جدة,https://www.rukn-eltatawer.com/sa/water-leak-detection-north-jeddah/,2026-02-10,2026-09-09,1,extra-core-city-service
water-leak-detection-north-riyadh,كشف تسربات المياه في شمال الرياض,https://www.rukn-eltatawer.com/sa/water-leak-detection-north-riyadh/,2026-02-10,2026-09-09,1,extra-core-city-service
water-leak-detection-qatif,كشف تسربات المياه في القطيف,https://www.rukn-eltatawer.com/sa/water-leak-detection-qatif/,2026-02-10,2026-09-09,1,leak-secondary-city
water-leak-detection-rabigh,كشف تسربات المياه في رابغ | شركة ركن التطور,https://www.rukn-eltatawer.com/sa/water-leak-detection-rabigh/,2026-02-10,2026-09-10,0,leak-secondary-city
water-leak-detection-rafha,كشف تسربات المياه في رفحاء | شركة ركن التطور,https://www.rukn-eltatawer.com/sa/water-leak-detection-rafha/,2026-02-10,2026-09-10,0,leak-secondary-city
water-leak-detection-ras-tanura,كشف تسربات المياه في رأس تنورة,https://www.rukn-eltatawer.com/sa/water-leak-detection-ras-tanura/,2026-02-10,2026-09-10,0,leak-secondary-city
water-leak-detection-riyadh-center,كشف تسربات المياه في وسط الرياض,https://www.rukn-eltatawer.com/sa/water-leak-detection-riyadh-center/,2026-02-10,2026-09-09,1,leak-district
water-leak-detection-sabya,كشف تسربات المياه في صبيا | شركة ركن التطور,https://www.rukn-eltatawer.com/sa/water-leak-detection-sabya/,2026-02-10,2026-09-10,0,leak-secondary-city
water-leak-detection-sakakah,كشف تسربات المياه في سكاكا,https://www.rukn-eltatawer.com/sa/water-leak-detection-sakakah/,2026-02-10,2026-09-10,0,leak-secondary-city
water-leak-detection-samtah,كشف تسربات المياه في صامطة | شركة ركن التطور,https://www.rukn-eltatawer.com/sa/water-leak-detection-samtah/,2026-02-10,2026-09-10,0,leak-secondary-city
water-leak-detection-sarat-obaidah,كشف تسربات المياه في سراة عبيدة | شركة ركن التطور,https://www.rukn-eltatawer.com/sa/water-leak-detection-sarat-obaidah/,2026-02-10,2026-09-10,0,leak-secondary-city
water-leak-detection-shaqra,كشف تسربات المياه في شقراء | شركة ركن التطور,https://www.rukn-eltatawer.com/sa/water-leak-detection-shaqra/,2026-02-10,2026-09-10,0,leak-secondary-city
water-leak-detection-sharurah,كشف تسربات المياه في شرورة | شركة ركن التطور,https://www.rukn-eltatawer.com/sa/water-leak-detection-sharurah/,2026-02-10,2026-09-10,0,leak-secondary-city
water-leak-detection-south-jeddah,كشف تسربات المياه في جنوب جدة,https://www.rukn-eltatawer.com/sa/water-leak-detection-south-jeddah/,2026-02-10,2026-09-09,1,extra-core-city-service
water-leak-detection-south-riyadh,كشف تسربات المياه في جنوب الرياض,https://www.rukn-eltatawer.com/sa/water-leak-detection-south-riyadh/,2026-02-10,2026-09-10,1,extra-core-city-service
water-leak-detection-tabuk,كشف تسربات المياه في تبوك,https://www.rukn-eltatawer.com/sa/water-leak-detection-tabuk/,2026-02-10,2026-09-09,1,leak-secondary-city
water-leak-detection-tanuma,كشف تسربات المياه في تنومة | شركة ركن التطور,https://www.rukn-eltatawer.com/sa/water-leak-detection-tanuma/,2026-02-10,2026-09-10,0,leak-secondary-city
water-leak-detection-tathlith,كشف تسربات المياه في تثليث | شركة ركن التطور,https://www.rukn-eltatawer.com/sa/water-leak-detection-tathlith/,2026-02-10,2026-09-10,0,leak-secondary-city
water-leak-detection-turaif,كشف تسربات المياه في طريف | شركة ركن التطور,https://www.rukn-eltatawer.com/sa/water-leak-detection-turaif/,2026-02-10,2026-09-10,0,leak-secondary-city
water-leak-detection-umluj,كشف تسربات المياه في أملج | شركة ركن التطور,https://www.rukn-eltatawer.com/sa/water-leak-detection-umluj/,2026-02-10,2026-09-10,0,leak-secondary-city
water-leak-detection-unaizah,كشف تسربات المياه في عنيزة,https://www.rukn-eltatawer.com/sa/water-leak-detection-unaizah/,2026-02-10,2026-09-10,0,leak-secondary-city
water-leak-detection-wadi-ad-dawasir,كشف تسربات المياه في وادي الدواسر | شركة ركن التطور,https://www.rukn-eltatawer.com/sa/water-leak-detection-wadi-ad-dawasir/,2026-02-10,2026-09-10,0,leak-secondary-city
water-leak-detection-west-riyadh,كشف تسربات المياه في غرب الرياض,https://www.rukn-eltatawer.com/sa/water-leak-detection-west-riyadh/,2026-02-10,2026-09-09,1,extra-core-city-service
water-leak-detection-yanbu,كشف تسربات المياه في ينبع,https://www.rukn-eltatawer.com/sa/water-leak-detection-yanbu/,2026-02-10,2026-09-09,1,leak-secondary-city
water-leak-detection-zahran-al-janoub,كشف تسربات المياه في ظهران الجنوب | شركة ركن التطور,https://www.rukn-eltatawer.com/sa/water-leak-detection-zahran-al-janoub/,2026-02-10,2026-09-10,0,leak-secondary-city
water-pipe-leak-detection-abha,شركة كشف تسريبات مواسير مياه بأبها,https://www.rukn-eltatawer.com/sa/water-pipe-leak-detection-abha/,2026-09-05,2026-09-09,1,extra-core-city-service
water-pipe-leak-detection-dammam,شركة كشف تسريبات مواسير مياه بالدمام,https://www.rukn-eltatawer.com/sa/water-pipe-leak-detection-dammam/,2026-09-03,2026-09-09,1,extra-core-city-service
water-pipe-leak-detection-jeddah,شركة كشف تسريبات مواسير مياه بجدة,https://www.rukn-eltatawer.com/sa/water-pipe-leak-detection-jeddah/,2026-09-02,2026-09-09,1,extra-core-city-service
water-pipe-leak-detection-khobar,شركة كشف تسريبات مواسير مياه بالخبر,https://www.rukn-eltatawer.com/sa/water-pipe-leak-detection-khobar/,2026-09-04,2026-09-09,1,extra-core-city-service
water-pipe-leak-detection-mecca,شركة كشف تسريبات مواسير مياه بمكة المكرمة,https://www.rukn-eltatawer.com/sa/water-pipe-leak-detection-mecca/,2026-09-02,2026-09-09,1,extra-core-city-service
water-pipe-leak-detection-medina,شركة كشف تسريبات مواسير مياه بالمدينة المنورة,https://www.rukn-eltatawer.com/sa/water-pipe-leak-detection-medina/,2026-09-03,2026-09-09,1,extra-core-city-service
water-pipe-leak-detection-riyadh,شركة كشف تسريبات مواسير مياه بالرياض,https://www.rukn-eltatawer.com/sa/water-pipe-leak-detection-riyadh/,2026-09-02,2026-09-09,1,extra-core-city-service
water-pipe-leak-detection-taif,شركة كشف تسريبات مواسير مياه بالطائف,https://www.rukn-eltatawer.com/sa/water-pipe-leak-detection-taif/,2026-09-04,2026-09-09,1,extra-core-city-service
water-pump-maintenance-abha,شركة صيانة مضخات مياه بأبها,https://www.rukn-eltatawer.com/sa/water-pump-maintenance-abha/,2026-09-05,2026-09-10,1,extra-core-city-service
water-pump-maintenance-dammam,شركة صيانة مضخات مياه بالدمام,https://www.rukn-eltatawer.com/sa/water-pump-maintenance-dammam/,2026-09-04,2026-09-11,1,extra-core-city-service
water-pump-maintenance-jeddah,شركة صيانة مضخات مياه بجدة,https://www.rukn-eltatawer.com/sa/water-pump-maintenance-jeddah/,2026-09-03,2026-09-09,1,extra-core-city-service
water-pump-maintenance-khobar,شركة صيانة مضخات مياه بالخبر,https://www.rukn-eltatawer.com/sa/water-pump-maintenance-khobar/,2026-09-04,2026-09-09,1,extra-core-city-service
water-pump-maintenance-mecca,شركة صيانة مضخات مياه بمكة المكرمة,https://www.rukn-eltatawer.com/sa/water-pump-maintenance-mecca/,2026-09-03,2026-09-11,1,extra-core-city-service
water-pump-maintenance-medina,شركة صيانة مضخات مياه بالمدينة المنورة,https://www.rukn-eltatawer.com/sa/water-pump-maintenance-medina/,2026-09-03,2026-09-11,1,extra-core-city-service
water-pump-maintenance-riyadh,شركة صيانة مضخات مياه بالرياض,https://www.rukn-eltatawer.com/sa/water-pump-maintenance-riyadh/,2026-09-02,2026-09-11,1,extra-core-city-service
water-pump-maintenance-taif,شركة صيانة مضخات مياه بالطائف,https://www.rukn-eltatawer.com/sa/water-pump-maintenance-taif/,2026-09-05,2026-09-10,1,extra-core-city-service
window-ac-installation-abha,شركة تركيب وحدات تكييف نافذة بأبها,https://www.rukn-eltatawer.com/sa/window-ac-installation-abha/,2026-09-05,2026-09-10,1,extra-core-city-service
window-ac-installation-dammam,شركة تركيب وحدات تكييف نافذة بالدمام,https://www.rukn-eltatawer.com/sa/window-ac-installation-dammam/,2026-09-04,2026-09-11,1,extra-core-city-service
window-ac-installation-jeddah,شركة تركيب وحدات تكييف نافذة بجدة,https://www.rukn-eltatawer.com/sa/window-ac-installation-jeddah/,2026-09-03,2026-09-11,1,extra-core-city-service
window-ac-installation-khobar,شركة تركيب وحدات تكييف نافذة بالخبر,https://www.rukn-eltatawer.com/sa/window-ac-installation-khobar/,2026-09-04,2026-09-11,1,extra-core-city-service
window-ac-installation-mecca,شركة تركيب وحدات تكييف نافذة بمكة المكرمة,https://www.rukn-eltatawer.com/sa/window-ac-installation-mecca/,2026-09-03,2026-09-09,1,extra-core-city-service
window-ac-installation-medina,شركة تركيب وحدات تكييف نافذة بالمدينة المنورة,https://www.rukn-eltatawer.com/sa/window-ac-installation-medina/,2026-09-03,2026-09-11,1,extra-core-city-service
window-ac-installation-riyadh,شركة تركيب وحدات تكييف نافذة بالرياض,https://www.rukn-eltatawer.com/sa/window-ac-installation-riyadh/,2026-09-02,2026-09-11,1,extra-core-city-service
window-ac-installation-taif,شركة تركيب وحدات تكييف نافذة بالطائف,https://www.rukn-eltatawer.com/sa/window-ac-installation-taif/,2026-09-05,2026-09-09,1,extra-core-city-service
wood-doors-windows-painting-abha,شركة دهان أبواب وشبابيك خشبية بأبها,https://www.rukn-eltatawer.com/sa/wood-doors-windows-painting-abha/,2026-09-06,2026-09-10,1,extra-core-city-service
wood-doors-windows-painting-dammam,شركة دهان أبواب وشبابيك خشبية بالدمام,https://www.rukn-eltatawer.com/sa/wood-doors-windows-painting-dammam/,2026-09-06,2026-09-10,1,extra-core-city-service
wood-doors-windows-painting-jeddah,شركة دهان أبواب وشبابيك خشبية بجدة,https://www.rukn-eltatawer.com/sa/wood-doors-windows-painting-jeddah/,2026-09-06,2026-09-10,1,extra-core-city-service
wood-doors-windows-painting-khobar,شركة دهان أبواب وشبابيك خشبية بالخبر,https://www.rukn-eltatawer.com/sa/wood-doors-windows-painting-khobar/,2026-09-06,2026-09-10,1,extra-core-city-service
wood-doors-windows-painting-mecca,شركة دهان أبواب وشبابيك خشبية بمكة المكرمة,https://www.rukn-eltatawer.com/sa/wood-doors-windows-painting-mecca/,2026-09-06,2026-09-10,1,extra-core-city-service
wood-doors-windows-painting-medina,شركة دهان أبواب وشبابيك خشبية بالمدينة المنورة,https://www.rukn-eltatawer.com/sa/wood-doors-windows-painting-medina/,2026-09-06,2026-09-10,1,extra-core-city-service
wood-doors-windows-painting-riyadh,شركة دهان أبواب وشبابيك خشبية بالرياض,https://www.rukn-eltatawer.com/sa/wood-doors-windows-painting-riyadh/,2026-09-05,2026-09-09,1,extra-core-city-service
wood-doors-windows-painting-taif,شركة دهان أبواب وشبابيك خشبية بالطائف,https://www.rukn-eltatawer.com/sa/wood-doors-windows-painting-taif/,2026-09-06,2026-09-10,1,extra-core-city-service
