slug,title,city,category,reason
artificial-grass-abha-2,شركة تركيب عشب صناعي بأبها,أبها,خدمات تنسيق الحدائق,نسخة مكررة من مقال عشب صناعي موجود مسبقاً
artificial-grass-dammam-2,شركة تركيب عشب صناعي بالدمام,الدمام,خدمات تنسيق الحدائق,نسخة مكررة من مقال عشب صناعي موجود مسبقاً
artificial-grass-jeddah-2,شركة تركيب عشب صناعي بجدة,جدة,خدمات تنسيق الحدائق,نسخة مكررة من مقال عشب صناعي موجود مسبقاً
artificial-grass-khobar-2,شركة تركيب عشب صناعي بالخبر,الخبر,خدمات تنسيق الحدائق,نسخة مكررة من مقال عشب صناعي موجود مسبقاً
artificial-grass-mecca-2,شركة تركيب عشب صناعي بمكة المكرمة,مكة المكرمة,خدمات تنسيق الحدائق,نسخة مكررة من مقال عشب صناعي موجود مسبقاً
artificial-grass-medina-2,شركة تركيب عشب صناعي بالمدينة المنورة,المدينة المنورة,خدمات تنسيق الحدائق,نسخة مكررة من مقال عشب صناعي موجود مسبقاً
artificial-grass-riyadh-2,شركة تركيب عشب صناعي بالرياض,الرياض,خدمات تنسيق الحدائق,نسخة مكررة من مقال عشب صناعي موجود مسبقاً
artificial-grass-taif-2,شركة تركيب عشب صناعي بالطائف,الطائف,خدمات تنسيق الحدائق,نسخة مكررة من مقال عشب صناعي موجود مسبقاً
audit-services-abha,شركة خدمات تدقيق الحسابات بأبها,أبها,خدمات المعاملات والأعمال,فئة معاملات/أعمال — غير منشورة بالكامل
audit-services-dammam,شركة خدمات تدقيق الحسابات بالدمام,الدمام,خدمات المعاملات والأعمال,فئة معاملات/أعمال — غير منشورة بالكامل
audit-services-jeddah,شركة خدمات تدقيق الحسابات بجدة,جدة,خدمات المعاملات والأعمال,فئة معاملات/أعمال — غير منشورة بالكامل
audit-services-khobar,شركة خدمات تدقيق الحسابات بالخبر,الخبر,خدمات المعاملات والأعمال,فئة معاملات/أعمال — غير منشورة بالكامل
audit-services-mecca,شركة خدمات تدقيق الحسابات بمكة المكرمة,مكة المكرمة,خدمات المعاملات والأعمال,فئة معاملات/أعمال — غير منشورة بالكامل
audit-services-medina,شركة خدمات تدقيق الحسابات بالمدينة المنورة,المدينة المنورة,خدمات المعاملات والأعمال,فئة معاملات/أعمال — غير منشورة بالكامل
audit-services-riyadh,شركة خدمات تدقيق الحسابات بالرياض,الرياض,خدمات المعاملات والأعمال,فئة معاملات/أعمال — غير منشورة بالكامل
audit-services-taif,شركة خدمات تدقيق الحسابات بالطائف,الطائف,خدمات المعاملات والأعمال,فئة معاملات/أعمال — غير منشورة بالكامل
auto-electrical-diagnosis-abha,شركة تشخيص وإصلاح كهرباء السيارات بأبها,أبها,خدمات السيارات,فئة خارج النشاط الأساسي للموقع (سيارات) — غير منشورة بالكامل
auto-electrical-diagnosis-dammam,شركة تشخيص وإصلاح كهرباء السيارات بالدمام,الدمام,خدمات السيارات,فئة خارج النشاط الأساسي للموقع (سيارات) — غير منشورة بالكامل
auto-electrical-diagnosis-jeddah,شركة تشخيص وإصلاح كهرباء السيارات بجدة,جدة,خدمات السيارات,فئة خارج النشاط الأساسي للموقع (سيارات) — غير منشورة بالكامل
auto-electrical-diagnosis-khobar,شركة تشخيص وإصلاح كهرباء السيارات بالخبر,الخبر,خدمات السيارات,فئة خارج النشاط الأساسي للموقع (سيارات) — غير منشورة بالكامل
auto-electrical-diagnosis-mecca,شركة تشخيص وإصلاح كهرباء السيارات بمكة المكرمة,مكة المكرمة,خدمات السيارات,فئة خارج النشاط الأساسي للموقع (سيارات) — غير منشورة بالكامل
auto-electrical-diagnosis-medina,شركة تشخيص وإصلاح كهرباء السيارات بالمدينة المنورة,المدينة المنورة,خدمات السيارات,فئة خارج النشاط الأساسي للموقع (سيارات) — غير منشورة بالكامل
auto-electrical-diagnosis-riyadh,شركة تشخيص وإصلاح كهرباء السيارات بالرياض,الرياض,خدمات السيارات,فئة خارج النشاط الأساسي للموقع (سيارات) — غير منشورة بالكامل
auto-electrical-diagnosis-taif,شركة تشخيص وإصلاح كهرباء السيارات بالطائف,الطائف,خدمات السيارات,فئة خارج النشاط الأساسي للموقع (سيارات) — غير منشورة بالكامل
auto-electrician-abha,شركة كهربائي سيارات بأبها,أبها,خدمات السيارات,فئة خارج النشاط الأساسي للموقع (سيارات) — غير منشورة بالكامل
auto-electrician-dammam,شركة كهربائي سيارات بالدمام,الدمام,خدمات السيارات,فئة خارج النشاط الأساسي للموقع (سيارات) — غير منشورة بالكامل
auto-electrician-jeddah,شركة كهربائي سيارات بجدة,جدة,خدمات السيارات,فئة خارج النشاط الأساسي للموقع (سيارات) — غير منشورة بالكامل
auto-electrician-khobar,شركة كهربائي سيارات بالخبر,الخبر,خدمات السيارات,فئة خارج النشاط الأساسي للموقع (سيارات) — غير منشورة بالكامل
auto-electrician-mecca,شركة كهربائي سيارات بمكة المكرمة,مكة المكرمة,خدمات السيارات,فئة خارج النشاط الأساسي للموقع (سيارات) — غير منشورة بالكامل
auto-electrician-medina,شركة كهربائي سيارات بالمدينة المنورة,المدينة المنورة,خدمات السيارات,فئة خارج النشاط الأساسي للموقع (سيارات) — غير منشورة بالكامل
auto-electrician-riyadh,شركة كهربائي سيارات بالرياض,الرياض,خدمات السيارات,فئة خارج النشاط الأساسي للموقع (سيارات) — غير منشورة بالكامل
auto-electrician-taif,شركة كهربائي سيارات بالطائف,الطائف,خدمات السيارات,فئة خارج النشاط الأساسي للموقع (سيارات) — غير منشورة بالكامل
auto-mechanic-abha,شركة ميكانيكي سيارات بأبها,أبها,خدمات السيارات,فئة خارج النشاط الأساسي للموقع (سيارات) — غير منشورة بالكامل
auto-mechanic-dammam,شركة ميكانيكي سيارات بالدمام,الدمام,خدمات السيارات,فئة خارج النشاط الأساسي للموقع (سيارات) — غير منشورة بالكامل
auto-mechanic-jeddah,شركة ميكانيكي سيارات بجدة,جدة,خدمات السيارات,فئة خارج النشاط الأساسي للموقع (سيارات) — غير منشورة بالكامل
auto-mechanic-khobar,شركة ميكانيكي سيارات بالخبر,الخبر,خدمات السيارات,فئة خارج النشاط الأساسي للموقع (سيارات) — غير منشورة بالكامل
auto-mechanic-mecca,شركة ميكانيكي سيارات بمكة المكرمة,مكة المكرمة,خدمات السيارات,فئة خارج النشاط الأساسي للموقع (سيارات) — غير منشورة بالكامل
auto-mechanic-medina,شركة ميكانيكي سيارات بالمدينة المنورة,المدينة المنورة,خدمات السيارات,فئة خارج النشاط الأساسي للموقع (سيارات) — غير منشورة بالكامل
auto-mechanic-riyadh,شركة ميكانيكي سيارات بالرياض,الرياض,خدمات السيارات,فئة خارج النشاط الأساسي للموقع (سيارات) — غير منشورة بالكامل
auto-mechanic-taif,شركة ميكانيكي سيارات بالطائف,الطائف,خدمات السيارات,فئة خارج النشاط الأساسي للموقع (سيارات) — غير منشورة بالكامل
battery-replacement-abha,شركة تبديل بطاريات بأبها,أبها,خدمات السيارات,فئة خارج النشاط الأساسي للموقع (سيارات) — غير منشورة بالكامل
battery-replacement-dammam,شركة تبديل بطاريات بالدمام,الدمام,خدمات السيارات,فئة خارج النشاط الأساسي للموقع (سيارات) — غير منشورة بالكامل
battery-replacement-jeddah,شركة تبديل بطاريات بجدة,جدة,خدمات السيارات,فئة خارج النشاط الأساسي للموقع (سيارات) — غير منشورة بالكامل
battery-replacement-khobar,شركة تبديل بطاريات بالخبر,الخبر,خدمات السيارات,فئة خارج النشاط الأساسي للموقع (سيارات) — غير منشورة بالكامل
battery-replacement-mecca,شركة تبديل بطاريات بمكة المكرمة,مكة المكرمة,خدمات السيارات,فئة خارج النشاط الأساسي للموقع (سيارات) — غير منشورة بالكامل
battery-replacement-medina,شركة تبديل بطاريات بالمدينة المنورة,المدينة المنورة,خدمات السيارات,فئة خارج النشاط الأساسي للموقع (سيارات) — غير منشورة بالكامل
battery-replacement-riyadh,شركة تبديل بطاريات بالرياض,الرياض,خدمات السيارات,فئة خارج النشاط الأساسي للموقع (سيارات) — غير منشورة بالكامل
battery-replacement-taif,شركة تبديل بطاريات بالطائف,الطائف,خدمات السيارات,فئة خارج النشاط الأساسي للموقع (سيارات) — غير منشورة بالكامل
brake-repair-abha,شركة خدمة إصلاح فرامل السيارة بأبها,أبها,خدمات السيارات,فئة خارج النشاط الأساسي للموقع (سيارات) — غير منشورة بالكامل
brake-repair-dammam,شركة خدمة إصلاح فرامل السيارة بالدمام,الدمام,خدمات السيارات,فئة خارج النشاط الأساسي للموقع (سيارات) — غير منشورة بالكامل
brake-repair-jeddah,شركة خدمة إصلاح فرامل السيارة بجدة,جدة,خدمات السيارات,فئة خارج النشاط الأساسي للموقع (سيارات) — غير منشورة بالكامل
brake-repair-khobar,شركة خدمة إصلاح فرامل السيارة بالخبر,الخبر,خدمات السيارات,فئة خارج النشاط الأساسي للموقع (سيارات) — غير منشورة بالكامل
brake-repair-mecca,شركة خدمة إصلاح فرامل السيارة بمكة المكرمة,مكة المكرمة,خدمات السيارات,فئة خارج النشاط الأساسي للموقع (سيارات) — غير منشورة بالكامل
brake-repair-medina,شركة خدمة إصلاح فرامل السيارة بالمدينة المنورة,المدينة المنورة,خدمات السيارات,فئة خارج النشاط الأساسي للموقع (سيارات) — غير منشورة بالكامل
brake-repair-riyadh,شركة خدمة إصلاح فرامل السيارة بالرياض,الرياض,خدمات السيارات,فئة خارج النشاط الأساسي للموقع (سيارات) — غير منشورة بالكامل
brake-repair-taif,شركة خدمة إصلاح فرامل السيارة بالطائف,الطائف,خدمات السيارات,فئة خارج النشاط الأساسي للموقع (سيارات) — غير منشورة بالكامل
car-ac-repair-abha,شركة تصليح مكيفات السيارات بأبها,أبها,خدمات السيارات,فئة خارج النشاط الأساسي للموقع (سيارات) — غير منشورة بالكامل
car-ac-repair-dammam,شركة تصليح مكيفات السيارات بالدمام,الدمام,خدمات السيارات,فئة خارج النشاط الأساسي للموقع (سيارات) — غير منشورة بالكامل
car-ac-repair-jeddah,شركة تصليح مكيفات السيارات بجدة,جدة,خدمات السيارات,فئة خارج النشاط الأساسي للموقع (سيارات) — غير منشورة بالكامل
car-ac-repair-khobar,شركة تصليح مكيفات السيارات بالخبر,الخبر,خدمات السيارات,فئة خارج النشاط الأساسي للموقع (سيارات) — غير منشورة بالكامل
car-ac-repair-mecca,شركة تصليح مكيفات السيارات بمكة المكرمة,مكة المكرمة,خدمات السيارات,فئة خارج النشاط الأساسي للموقع (سيارات) — غير منشورة بالكامل
car-ac-repair-medina,شركة تصليح مكيفات السيارات بالمدينة المنورة,المدينة المنورة,خدمات السيارات,فئة خارج النشاط الأساسي للموقع (سيارات) — غير منشورة بالكامل
car-ac-repair-riyadh,شركة تصليح مكيفات السيارات بالرياض,الرياض,خدمات السيارات,فئة خارج النشاط الأساسي للموقع (سيارات) — غير منشورة بالكامل
car-ac-repair-taif,شركة تصليح مكيفات السيارات بالطائف,الطائف,خدمات السيارات,فئة خارج النشاط الأساسي للموقع (سيارات) — غير منشورة بالكامل
car-battery-services-abha,شركة خدمات بطارية السيارة بأبها,أبها,خدمات السيارات,فئة خارج النشاط الأساسي للموقع (سيارات) — غير منشورة بالكامل
car-battery-services-dammam,شركة خدمات بطارية السيارة بالدمام,الدمام,خدمات السيارات,فئة خارج النشاط الأساسي للموقع (سيارات) — غير منشورة بالكامل
car-battery-services-jeddah,شركة خدمات بطارية السيارة بجدة,جدة,خدمات السيارات,فئة خارج النشاط الأساسي للموقع (سيارات) — غير منشورة بالكامل
car-battery-services-khobar,شركة خدمات بطارية السيارة بالخبر,الخبر,خدمات السيارات,فئة خارج النشاط الأساسي للموقع (سيارات) — غير منشورة بالكامل
car-battery-services-mecca,شركة خدمات بطارية السيارة بمكة المكرمة,مكة المكرمة,خدمات السيارات,فئة خارج النشاط الأساسي للموقع (سيارات) — غير منشورة بالكامل
car-battery-services-medina,شركة خدمات بطارية السيارة بالمدينة المنورة,المدينة المنورة,خدمات السيارات,فئة خارج النشاط الأساسي للموقع (سيارات) — غير منشورة بالكامل
car-battery-services-riyadh,شركة خدمات بطارية السيارة بالرياض,الرياض,خدمات السيارات,فئة خارج النشاط الأساسي للموقع (سيارات) — غير منشورة بالكامل
car-battery-services-taif,شركة خدمات بطارية السيارة بالطائف,الطائف,خدمات السيارات,فئة خارج النشاط الأساسي للموقع (سيارات) — غير منشورة بالكامل
car-detailing-abha,شركة خدمة العناية بالسيارة بأبها,أبها,خدمات السيارات,فئة خارج النشاط الأساسي للموقع (سيارات) — غير منشورة بالكامل
car-detailing-dammam,شركة خدمة العناية بالسيارة بالدمام,الدمام,خدمات السيارات,فئة خارج النشاط الأساسي للموقع (سيارات) — غير منشورة بالكامل
car-detailing-jeddah,شركة خدمة العناية بالسيارة بجدة,جدة,خدمات السيارات,فئة خارج النشاط الأساسي للموقع (سيارات) — غير منشورة بالكامل
car-detailing-khobar,شركة خدمة العناية بالسيارة بالخبر,الخبر,خدمات السيارات,فئة خارج النشاط الأساسي للموقع (سيارات) — غير منشورة بالكامل
car-detailing-mecca,شركة خدمة العناية بالسيارة بمكة المكرمة,مكة المكرمة,خدمات السيارات,فئة خارج النشاط الأساسي للموقع (سيارات) — غير منشورة بالكامل
car-detailing-medina,شركة خدمة العناية بالسيارة بالمدينة المنورة,المدينة المنورة,خدمات السيارات,فئة خارج النشاط الأساسي للموقع (سيارات) — غير منشورة بالكامل
car-detailing-riyadh,شركة خدمة العناية بالسيارة بالرياض,الرياض,خدمات السيارات,فئة خارج النشاط الأساسي للموقع (سيارات) — غير منشورة بالكامل
car-detailing-taif,شركة خدمة العناية بالسيارة بالطائف,الطائف,خدمات السيارات,فئة خارج النشاط الأساسي للموقع (سيارات) — غير منشورة بالكامل
car-lift-service-abha,شركة كارلفت بأبها,أبها,خدمات السيارات,فئة خارج النشاط الأساسي للموقع (سيارات) — غير منشورة بالكامل
car-lift-service-dammam,شركة كارلفت بالدمام,الدمام,خدمات السيارات,فئة خارج النشاط الأساسي للموقع (سيارات) — غير منشورة بالكامل
car-lift-service-jeddah,شركة كارلفت بجدة,جدة,خدمات السيارات,فئة خارج النشاط الأساسي للموقع (سيارات) — غير منشورة بالكامل
car-lift-service-khobar,شركة كارلفت بالخبر,الخبر,خدمات السيارات,فئة خارج النشاط الأساسي للموقع (سيارات) — غير منشورة بالكامل
car-lift-service-mecca,شركة كارلفت بمكة المكرمة,مكة المكرمة,خدمات السيارات,فئة خارج النشاط الأساسي للموقع (سيارات) — غير منشورة بالكامل
car-lift-service-medina,شركة كارلفت بالمدينة المنورة,المدينة المنورة,خدمات السيارات,فئة خارج النشاط الأساسي للموقع (سيارات) — غير منشورة بالكامل
car-lift-service-riyadh,شركة كارلفت بالرياض,الرياض,خدمات السيارات,فئة خارج النشاط الأساسي للموقع (سيارات) — غير منشورة بالكامل
car-lift-service-taif,شركة كارلفت بالطائف,الطائف,خدمات السيارات,فئة خارج النشاط الأساسي للموقع (سيارات) — غير منشورة بالكامل
car-lockout-abha,شركة فتح اقفال السيارات بأبها,أبها,خدمات السيارات,فئة خارج النشاط الأساسي للموقع (سيارات) — غير منشورة بالكامل
car-lockout-dammam,شركة فتح اقفال السيارات بالدمام,الدمام,خدمات السيارات,فئة خارج النشاط الأساسي للموقع (سيارات) — غير منشورة بالكامل
car-lockout-jeddah,شركة فتح اقفال السيارات بجدة,جدة,خدمات السيارات,فئة خارج النشاط الأساسي للموقع (سيارات) — غير منشورة بالكامل
car-lockout-khobar,شركة فتح اقفال السيارات بالخبر,الخبر,خدمات السيارات,فئة خارج النشاط الأساسي للموقع (سيارات) — غير منشورة بالكامل
car-lockout-mecca,شركة فتح اقفال السيارات بمكة المكرمة,مكة المكرمة,خدمات السيارات,فئة خارج النشاط الأساسي للموقع (سيارات) — غير منشورة بالكامل
car-lockout-medina,شركة فتح اقفال السيارات بالمدينة المنورة,المدينة المنورة,خدمات السيارات,فئة خارج النشاط الأساسي للموقع (سيارات) — غير منشورة بالكامل
car-lockout-riyadh,شركة فتح اقفال السيارات بالرياض,الرياض,خدمات السيارات,فئة خارج النشاط الأساسي للموقع (سيارات) — غير منشورة بالكامل
car-lockout-taif,شركة فتح اقفال السيارات بالطائف,الطائف,خدمات السيارات,فئة خارج النشاط الأساسي للموقع (سيارات) — غير منشورة بالكامل
car-polishing-abha,شركة تلميع سيارات بأبها,أبها,خدمات السيارات,فئة خارج النشاط الأساسي للموقع (سيارات) — غير منشورة بالكامل
car-polishing-dammam,شركة تلميع سيارات بالدمام,الدمام,خدمات السيارات,فئة خارج النشاط الأساسي للموقع (سيارات) — غير منشورة بالكامل
car-polishing-jeddah,شركة تلميع سيارات بجدة,جدة,خدمات السيارات,فئة خارج النشاط الأساسي للموقع (سيارات) — غير منشورة بالكامل
car-polishing-khobar,شركة تلميع سيارات بالخبر,الخبر,خدمات السيارات,فئة خارج النشاط الأساسي للموقع (سيارات) — غير منشورة بالكامل
car-polishing-mecca,شركة تلميع سيارات بمكة المكرمة,مكة المكرمة,خدمات السيارات,فئة خارج النشاط الأساسي للموقع (سيارات) — غير منشورة بالكامل
car-polishing-medina,شركة تلميع سيارات بالمدينة المنورة,المدينة المنورة,خدمات السيارات,فئة خارج النشاط الأساسي للموقع (سيارات) — غير منشورة بالكامل
car-polishing-riyadh,شركة تلميع سيارات بالرياض,الرياض,خدمات السيارات,فئة خارج النشاط الأساسي للموقع (سيارات) — غير منشورة بالكامل
car-polishing-taif,شركة تلميع سيارات بالطائف,الطائف,خدمات السيارات,فئة خارج النشاط الأساسي للموقع (سيارات) — غير منشورة بالكامل
car-recovery-towing-abha,شركة خدمة الريكفري (سحب السيارات) بأبها,أبها,خدمات السيارات,فئة خارج النشاط الأساسي للموقع (سيارات) — غير منشورة بالكامل
car-recovery-towing-dammam,شركة خدمة الريكفري (سحب السيارات) بالدمام,الدمام,خدمات السيارات,فئة خارج النشاط الأساسي للموقع (سيارات) — غير منشورة بالكامل
car-recovery-towing-jeddah,شركة خدمة الريكفري (سحب السيارات) بجدة,جدة,خدمات السيارات,فئة خارج النشاط الأساسي للموقع (سيارات) — غير منشورة بالكامل
car-recovery-towing-khobar,شركة خدمة الريكفري (سحب السيارات) بالخبر,الخبر,خدمات السيارات,فئة خارج النشاط الأساسي للموقع (سيارات) — غير منشورة بالكامل
car-recovery-towing-mecca,شركة خدمة الريكفري (سحب السيارات) بمكة المكرمة,مكة المكرمة,خدمات السيارات,فئة خارج النشاط الأساسي للموقع (سيارات) — غير منشورة بالكامل
car-recovery-towing-medina,شركة خدمة الريكفري (سحب السيارات) بالمدينة المنورة,المدينة المنورة,خدمات السيارات,فئة خارج النشاط الأساسي للموقع (سيارات) — غير منشورة بالكامل
car-recovery-towing-riyadh,شركة خدمة الريكفري (سحب السيارات) بالرياض,الرياض,خدمات السيارات,فئة خارج النشاط الأساسي للموقع (سيارات) — غير منشورة بالكامل
car-recovery-towing-taif,شركة خدمة الريكفري (سحب السيارات) بالطائف,الطائف,خدمات السيارات,فئة خارج النشاط الأساسي للموقع (سيارات) — غير منشورة بالكامل
car-rental-abha,شركة تأجير سيارات بأبها,أبها,خدمات السيارات,فئة خارج النشاط الأساسي للموقع (سيارات) — غير منشورة بالكامل
car-rental-dammam,شركة تأجير سيارات بالدمام,الدمام,خدمات السيارات,فئة خارج النشاط الأساسي للموقع (سيارات) — غير منشورة بالكامل
car-rental-jeddah,شركة تأجير سيارات بجدة,جدة,خدمات السيارات,فئة خارج النشاط الأساسي للموقع (سيارات) — غير منشورة بالكامل
car-rental-khobar,شركة تأجير سيارات بالخبر,الخبر,خدمات السيارات,فئة خارج النشاط الأساسي للموقع (سيارات) — غير منشورة بالكامل
car-rental-mecca,شركة تأجير سيارات بمكة المكرمة,مكة المكرمة,خدمات السيارات,فئة خارج النشاط الأساسي للموقع (سيارات) — غير منشورة بالكامل
car-rental-medina,شركة تأجير سيارات بالمدينة المنورة,المدينة المنورة,خدمات السيارات,فئة خارج النشاط الأساسي للموقع (سيارات) — غير منشورة بالكامل
car-rental-riyadh,شركة تأجير سيارات بالرياض,الرياض,خدمات السيارات,فئة خارج النشاط الأساسي للموقع (سيارات) — غير منشورة بالكامل
car-rental-taif,شركة تأجير سيارات بالطائف,الطائف,خدمات السيارات,فئة خارج النشاط الأساسي للموقع (سيارات) — غير منشورة بالكامل
certified-translation-abha,شركة خدمات الترجمة المعتمدة بأبها,أبها,خدمات المعاملات والأعمال,فئة معاملات/أعمال — غير منشورة بالكامل
certified-translation-dammam,شركة خدمات الترجمة المعتمدة بالدمام,الدمام,خدمات المعاملات والأعمال,فئة معاملات/أعمال — غير منشورة بالكامل
certified-translation-jeddah,شركة خدمات الترجمة المعتمدة بجدة,جدة,خدمات المعاملات والأعمال,فئة معاملات/أعمال — غير منشورة بالكامل
certified-translation-khobar,شركة خدمات الترجمة المعتمدة بالخبر,الخبر,خدمات المعاملات والأعمال,فئة معاملات/أعمال — غير منشورة بالكامل
certified-translation-mecca,شركة خدمات الترجمة المعتمدة بمكة المكرمة,مكة المكرمة,خدمات المعاملات والأعمال,فئة معاملات/أعمال — غير منشورة بالكامل
certified-translation-medina,شركة خدمات الترجمة المعتمدة بالمدينة المنورة,المدينة المنورة,خدمات المعاملات والأعمال,فئة معاملات/أعمال — غير منشورة بالكامل
certified-translation-riyadh,شركة خدمات الترجمة المعتمدة بالرياض,الرياض,خدمات المعاملات والأعمال,فئة معاملات/أعمال — غير منشورة بالكامل
certified-translation-taif,شركة خدمات الترجمة المعتمدة بالطائف,الطائف,خدمات المعاملات والأعمال,فئة معاملات/أعمال — غير منشورة بالكامل
company-formation-abha,شركة خدمات تأسيس الشركات بأبها,أبها,خدمات المعاملات والأعمال,فئة معاملات/أعمال — غير منشورة بالكامل
company-formation-dammam,شركة خدمات تأسيس الشركات بالدمام,الدمام,خدمات المعاملات والأعمال,فئة معاملات/أعمال — غير منشورة بالكامل
company-formation-jeddah,شركة خدمات تأسيس الشركات بجدة,جدة,خدمات المعاملات والأعمال,فئة معاملات/أعمال — غير منشورة بالكامل
company-formation-khobar,شركة خدمات تأسيس الشركات بالخبر,الخبر,خدمات المعاملات والأعمال,فئة معاملات/أعمال — غير منشورة بالكامل
company-formation-mecca,شركة خدمات تأسيس الشركات بمكة المكرمة,مكة المكرمة,خدمات المعاملات والأعمال,فئة معاملات/أعمال — غير منشورة بالكامل
company-formation-medina,شركة خدمات تأسيس الشركات بالمدينة المنورة,المدينة المنورة,خدمات المعاملات والأعمال,فئة معاملات/أعمال — غير منشورة بالكامل
company-formation-riyadh,شركة خدمات تأسيس الشركات بالرياض,الرياض,خدمات المعاملات والأعمال,فئة معاملات/أعمال — غير منشورة بالكامل
company-formation-taif,شركة خدمات تأسيس الشركات بالطائف,الطائف,خدمات المعاملات والأعمال,فئة معاملات/أعمال — غير منشورة بالكامل
computer-diagnosis-abha,شركة خدمة تشخيص كمبيوتر السيارة بأبها,أبها,خدمات السيارات,فئة خارج النشاط الأساسي للموقع (سيارات) — غير منشورة بالكامل
computer-diagnosis-dammam,شركة خدمة تشخيص كمبيوتر السيارة بالدمام,الدمام,خدمات السيارات,فئة خارج النشاط الأساسي للموقع (سيارات) — غير منشورة بالكامل
computer-diagnosis-jeddah,شركة خدمة تشخيص كمبيوتر السيارة بجدة,جدة,خدمات السيارات,فئة خارج النشاط الأساسي للموقع (سيارات) — غير منشورة بالكامل
computer-diagnosis-khobar,شركة خدمة تشخيص كمبيوتر السيارة بالخبر,الخبر,خدمات السيارات,فئة خارج النشاط الأساسي للموقع (سيارات) — غير منشورة بالكامل
computer-diagnosis-mecca,شركة خدمة تشخيص كمبيوتر السيارة بمكة المكرمة,مكة المكرمة,خدمات السيارات,فئة خارج النشاط الأساسي للموقع (سيارات) — غير منشورة بالكامل
computer-diagnosis-medina,شركة خدمة تشخيص كمبيوتر السيارة بالمدينة المنورة,المدينة المنورة,خدمات السيارات,فئة خارج النشاط الأساسي للموقع (سيارات) — غير منشورة بالكامل
computer-diagnosis-riyadh,شركة خدمة تشخيص كمبيوتر السيارة بالرياض,الرياض,خدمات السيارات,فئة خارج النشاط الأساسي للموقع (سيارات) — غير منشورة بالكامل
computer-diagnosis-taif,شركة خدمة تشخيص كمبيوتر السيارة بالطائف,الطائف,خدمات السيارات,فئة خارج النشاط الأساسي للموقع (سيارات) — غير منشورة بالكامل
contract-writing-abha,شركة خدمات كتابة العقود بأبها,أبها,خدمات المعاملات والأعمال,فئة معاملات/أعمال — غير منشورة بالكامل
contract-writing-dammam,شركة خدمات كتابة العقود بالدمام,الدمام,خدمات المعاملات والأعمال,فئة معاملات/أعمال — غير منشورة بالكامل
contract-writing-jeddah,شركة خدمات كتابة العقود بجدة,جدة,خدمات المعاملات والأعمال,فئة معاملات/أعمال — غير منشورة بالكامل
contract-writing-khobar,شركة خدمات كتابة العقود بالخبر,الخبر,خدمات المعاملات والأعمال,فئة معاملات/أعمال — غير منشورة بالكامل
contract-writing-mecca,شركة خدمات كتابة العقود بمكة المكرمة,مكة المكرمة,خدمات المعاملات والأعمال,فئة معاملات/أعمال — غير منشورة بالكامل
contract-writing-medina,شركة خدمات كتابة العقود بالمدينة المنورة,المدينة المنورة,خدمات المعاملات والأعمال,فئة معاملات/أعمال — غير منشورة بالكامل
contract-writing-riyadh,شركة خدمات كتابة العقود بالرياض,الرياض,خدمات المعاملات والأعمال,فئة معاملات/أعمال — غير منشورة بالكامل
contract-writing-taif,شركة خدمات كتابة العقود بالطائف,الطائف,خدمات المعاملات والأعمال,فئة معاملات/أعمال — غير منشورة بالكامل
document-attestation-abha,شركة خدمات توثيق المستندات بأبها,أبها,خدمات المعاملات والأعمال,فئة معاملات/أعمال — غير منشورة بالكامل
document-attestation-dammam,شركة خدمات توثيق المستندات بالدمام,الدمام,خدمات المعاملات والأعمال,فئة معاملات/أعمال — غير منشورة بالكامل
document-attestation-jeddah,شركة خدمات توثيق المستندات بجدة,جدة,خدمات المعاملات والأعمال,فئة معاملات/أعمال — غير منشورة بالكامل
document-attestation-khobar,شركة خدمات توثيق المستندات بالخبر,الخبر,خدمات المعاملات والأعمال,فئة معاملات/أعمال — غير منشورة بالكامل
document-attestation-mecca,شركة خدمات توثيق المستندات بمكة المكرمة,مكة المكرمة,خدمات المعاملات والأعمال,فئة معاملات/أعمال — غير منشورة بالكامل
document-attestation-medina,شركة خدمات توثيق المستندات بالمدينة المنورة,المدينة المنورة,خدمات المعاملات والأعمال,فئة معاملات/أعمال — غير منشورة بالكامل
document-attestation-riyadh,شركة خدمات توثيق المستندات بالرياض,الرياض,خدمات المعاملات والأعمال,فئة معاملات/أعمال — غير منشورة بالكامل
document-attestation-taif,شركة خدمات توثيق المستندات بالطائف,الطائف,خدمات المعاملات والأعمال,فئة معاملات/أعمال — غير منشورة بالكامل
domestic-shipping-ksa-abha,شركة شحن داخلي داخل السعودية بأبها,أبها,خدمات الشحن,استُبدل على الموقع بـ domestic-shipping-{city}
domestic-shipping-ksa-dammam,شركة شحن داخلي داخل السعودية بالدمام,الدمام,خدمات الشحن,استُبدل على الموقع بـ domestic-shipping-{city}
domestic-shipping-ksa-jeddah,شركة شحن داخلي داخل السعودية بجدة,جدة,خدمات الشحن,استُبدل على الموقع بـ domestic-shipping-{city}
domestic-shipping-ksa-khobar,شركة شحن داخلي داخل السعودية بالخبر,الخبر,خدمات الشحن,استُبدل على الموقع بـ domestic-shipping-{city}
domestic-shipping-ksa-mecca,شركة شحن داخلي داخل السعودية بمكة المكرمة,مكة المكرمة,خدمات الشحن,استُبدل على الموقع بـ domestic-shipping-{city}
domestic-shipping-ksa-medina,شركة شحن داخلي داخل السعودية بالمدينة المنورة,المدينة المنورة,خدمات الشحن,استُبدل على الموقع بـ domestic-shipping-{city}
domestic-shipping-ksa-riyadh,شركة شحن داخلي داخل السعودية بالرياض,الرياض,خدمات الشحن,استُبدل على الموقع بـ domestic-shipping-{city}
domestic-shipping-ksa-taif,شركة شحن داخلي داخل السعودية بالطائف,الطائف,خدمات الشحن,استُبدل على الموقع بـ domestic-shipping-{city}
engine-repair-abha,شركة خدمة إصلاح محرك السيارة بأبها,أبها,خدمات السيارات,فئة خارج النشاط الأساسي للموقع (سيارات) — غير منشورة بالكامل
engine-repair-dammam,شركة خدمة إصلاح محرك السيارة بالدمام,الدمام,خدمات السيارات,فئة خارج النشاط الأساسي للموقع (سيارات) — غير منشورة بالكامل
engine-repair-jeddah,شركة خدمة إصلاح محرك السيارة بجدة,جدة,خدمات السيارات,فئة خارج النشاط الأساسي للموقع (سيارات) — غير منشورة بالكامل
engine-repair-khobar,شركة خدمة إصلاح محرك السيارة بالخبر,الخبر,خدمات السيارات,فئة خارج النشاط الأساسي للموقع (سيارات) — غير منشورة بالكامل
engine-repair-mecca,شركة خدمة إصلاح محرك السيارة بمكة المكرمة,مكة المكرمة,خدمات السيارات,فئة خارج النشاط الأساسي للموقع (سيارات) — غير منشورة بالكامل
engine-repair-medina,شركة خدمة إصلاح محرك السيارة بالمدينة المنورة,المدينة المنورة,خدمات السيارات,فئة خارج النشاط الأساسي للموقع (سيارات) — غير منشورة بالكامل
engine-repair-riyadh,شركة خدمة إصلاح محرك السيارة بالرياض,الرياض,خدمات السيارات,فئة خارج النشاط الأساسي للموقع (سيارات) — غير منشورة بالكامل
engine-repair-taif,شركة خدمة إصلاح محرك السيارة بالطائف,الطائف,خدمات السيارات,فئة خارج النشاط الأساسي للموقع (سيارات) — غير منشورة بالكامل
fuel-system-repair-abha,شركة خدمة إصلاح نظام وقود السيارات بأبها,أبها,خدمات السيارات,فئة خارج النشاط الأساسي للموقع (سيارات) — غير منشورة بالكامل
fuel-system-repair-dammam,شركة خدمة إصلاح نظام وقود السيارات بالدمام,الدمام,خدمات السيارات,فئة خارج النشاط الأساسي للموقع (سيارات) — غير منشورة بالكامل
fuel-system-repair-jeddah,شركة خدمة إصلاح نظام وقود السيارات بجدة,جدة,خدمات السيارات,فئة خارج النشاط الأساسي للموقع (سيارات) — غير منشورة بالكامل
fuel-system-repair-khobar,شركة خدمة إصلاح نظام وقود السيارات بالخبر,الخبر,خدمات السيارات,فئة خارج النشاط الأساسي للموقع (سيارات) — غير منشورة بالكامل
fuel-system-repair-mecca,شركة خدمة إصلاح نظام وقود السيارات بمكة المكرمة,مكة المكرمة,خدمات السيارات,فئة خارج النشاط الأساسي للموقع (سيارات) — غير منشورة بالكامل
fuel-system-repair-medina,شركة خدمة إصلاح نظام وقود السيارات بالمدينة المنورة,المدينة المنورة,خدمات السيارات,فئة خارج النشاط الأساسي للموقع (سيارات) — غير منشورة بالكامل
fuel-system-repair-riyadh,شركة خدمة إصلاح نظام وقود السيارات بالرياض,الرياض,خدمات السيارات,فئة خارج النشاط الأساسي للموقع (سيارات) — غير منشورة بالكامل
fuel-system-repair-taif,شركة خدمة إصلاح نظام وقود السيارات بالطائف,الطائف,خدمات السيارات,فئة خارج النشاط الأساسي للموقع (سيارات) — غير منشورة بالكامل
govt-transactions-abha,شركة تخليص معاملات حكومية بأبها,أبها,خدمات المعاملات والأعمال,فئة معاملات/أعمال — غير منشورة بالكامل
govt-transactions-dammam,شركة تخليص معاملات حكومية بالدمام,الدمام,خدمات المعاملات والأعمال,فئة معاملات/أعمال — غير منشورة بالكامل
govt-transactions-jeddah,شركة تخليص معاملات حكومية بجدة,جدة,خدمات المعاملات والأعمال,فئة معاملات/أعمال — غير منشورة بالكامل
govt-transactions-khobar,شركة تخليص معاملات حكومية بالخبر,الخبر,خدمات المعاملات والأعمال,فئة معاملات/أعمال — غير منشورة بالكامل
govt-transactions-mecca,شركة تخليص معاملات حكومية بمكة المكرمة,مكة المكرمة,خدمات المعاملات والأعمال,فئة معاملات/أعمال — غير منشورة بالكامل
govt-transactions-medina,شركة تخليص معاملات حكومية بالمدينة المنورة,المدينة المنورة,خدمات المعاملات والأعمال,فئة معاملات/أعمال — غير منشورة بالكامل
govt-transactions-riyadh,شركة تخليص معاملات حكومية بالرياض,الرياض,خدمات المعاملات والأعمال,فئة معاملات/أعمال — غير منشورة بالكامل
govt-transactions-taif,شركة تخليص معاملات حكومية بالطائف,الطائف,خدمات المعاملات والأعمال,فئة معاملات/أعمال — غير منشورة بالكامل
law-firm-abha,شركة مكتب محاماة بأبها,أبها,خدمات قانونية,فئة قانونية — غير منشورة بالكامل
law-firm-dammam,شركة مكتب محاماة بالدمام,الدمام,خدمات قانونية,فئة قانونية — غير منشورة بالكامل
law-firm-jeddah,شركة مكتب محاماة بجدة,جدة,خدمات قانونية,فئة قانونية — غير منشورة بالكامل
law-firm-khobar,شركة مكتب محاماة بالخبر,الخبر,خدمات قانونية,فئة قانونية — غير منشورة بالكامل
law-firm-mecca,شركة مكتب محاماة بمكة المكرمة,مكة المكرمة,خدمات قانونية,فئة قانونية — غير منشورة بالكامل
law-firm-medina,شركة مكتب محاماة بالمدينة المنورة,المدينة المنورة,خدمات قانونية,فئة قانونية — غير منشورة بالكامل
law-firm-riyadh,شركة مكتب محاماة بالرياض,الرياض,خدمات قانونية,فئة قانونية — غير منشورة بالكامل
law-firm-taif,شركة مكتب محاماة بالطائف,الطائف,خدمات قانونية,فئة قانونية — غير منشورة بالكامل
lawyer-services-abha,شركة محامي بأبها,أبها,خدمات قانونية,فئة قانونية — غير منشورة بالكامل
lawyer-services-dammam,شركة محامي بالدمام,الدمام,خدمات قانونية,فئة قانونية — غير منشورة بالكامل
lawyer-services-jeddah,شركة محامي بجدة,جدة,خدمات قانونية,فئة قانونية — غير منشورة بالكامل
lawyer-services-khobar,شركة محامي بالخبر,الخبر,خدمات قانونية,فئة قانونية — غير منشورة بالكامل
lawyer-services-mecca,شركة محامي بمكة المكرمة,مكة المكرمة,خدمات قانونية,فئة قانونية — غير منشورة بالكامل
lawyer-services-medina,شركة محامي بالمدينة المنورة,المدينة المنورة,خدمات قانونية,فئة قانونية — غير منشورة بالكامل
lawyer-services-riyadh,شركة محامي بالرياض,الرياض,خدمات قانونية,فئة قانونية — غير منشورة بالكامل
lawyer-services-taif,شركة محامي بالطائف,الطائف,خدمات قانونية,فئة قانونية — غير منشورة بالكامل
mobile-car-repair-abha,شركة تصليح سيارات متنقل بأبها,أبها,خدمات السيارات,فئة خارج النشاط الأساسي للموقع (سيارات) — غير منشورة بالكامل
mobile-car-repair-dammam,شركة تصليح سيارات متنقل بالدمام,الدمام,خدمات السيارات,فئة خارج النشاط الأساسي للموقع (سيارات) — غير منشورة بالكامل
mobile-car-repair-jeddah,شركة تصليح سيارات متنقل بجدة,جدة,خدمات السيارات,فئة خارج النشاط الأساسي للموقع (سيارات) — غير منشورة بالكامل
mobile-car-repair-khobar,شركة تصليح سيارات متنقل بالخبر,الخبر,خدمات السيارات,فئة خارج النشاط الأساسي للموقع (سيارات) — غير منشورة بالكامل
mobile-car-repair-mecca,شركة تصليح سيارات متنقل بمكة المكرمة,مكة المكرمة,خدمات السيارات,فئة خارج النشاط الأساسي للموقع (سيارات) — غير منشورة بالكامل
mobile-car-repair-medina,شركة تصليح سيارات متنقل بالمدينة المنورة,المدينة المنورة,خدمات السيارات,فئة خارج النشاط الأساسي للموقع (سيارات) — غير منشورة بالكامل
mobile-car-repair-riyadh,شركة تصليح سيارات متنقل بالرياض,الرياض,خدمات السيارات,فئة خارج النشاط الأساسي للموقع (سيارات) — غير منشورة بالكامل
mobile-car-repair-taif,شركة تصليح سيارات متنقل بالطائف,الطائف,خدمات السيارات,فئة خارج النشاط الأساسي للموقع (سيارات) — غير منشورة بالكامل
mobile-car-wash-abha,شركة غسيل سيارات متنقل بأبها,أبها,خدمات السيارات,فئة خارج النشاط الأساسي للموقع (سيارات) — غير منشورة بالكامل
mobile-car-wash-dammam,شركة غسيل سيارات متنقل بالدمام,الدمام,خدمات السيارات,فئة خارج النشاط الأساسي للموقع (سيارات) — غير منشورة بالكامل
mobile-car-wash-jeddah,شركة غسيل سيارات متنقل بجدة,جدة,خدمات السيارات,فئة خارج النشاط الأساسي للموقع (سيارات) — غير منشورة بالكامل
mobile-car-wash-khobar,شركة غسيل سيارات متنقل بالخبر,الخبر,خدمات السيارات,فئة خارج النشاط الأساسي للموقع (سيارات) — غير منشورة بالكامل
mobile-car-wash-mecca,شركة غسيل سيارات متنقل بمكة المكرمة,مكة المكرمة,خدمات السيارات,فئة خارج النشاط الأساسي للموقع (سيارات) — غير منشورة بالكامل
mobile-car-wash-medina,شركة غسيل سيارات متنقل بالمدينة المنورة,المدينة المنورة,خدمات السيارات,فئة خارج النشاط الأساسي للموقع (سيارات) — غير منشورة بالكامل
mobile-car-wash-riyadh,شركة غسيل سيارات متنقل بالرياض,الرياض,خدمات السيارات,فئة خارج النشاط الأساسي للموقع (سيارات) — غير منشورة بالكامل
mobile-car-wash-taif,شركة غسيل سيارات متنقل بالطائف,الطائف,خدمات السيارات,فئة خارج النشاط الأساسي للموقع (سيارات) — غير منشورة بالكامل
mobile-garage-abha,شركة كراج متنقل بأبها,أبها,خدمات السيارات,فئة خارج النشاط الأساسي للموقع (سيارات) — غير منشورة بالكامل
mobile-garage-dammam,شركة كراج متنقل بالدمام,الدمام,خدمات السيارات,فئة خارج النشاط الأساسي للموقع (سيارات) — غير منشورة بالكامل
mobile-garage-jeddah,شركة كراج متنقل بجدة,جدة,خدمات السيارات,فئة خارج النشاط الأساسي للموقع (سيارات) — غير منشورة بالكامل
mobile-garage-khobar,شركة كراج متنقل بالخبر,الخبر,خدمات السيارات,فئة خارج النشاط الأساسي للموقع (سيارات) — غير منشورة بالكامل
mobile-garage-mecca,شركة كراج متنقل بمكة المكرمة,مكة المكرمة,خدمات السيارات,فئة خارج النشاط الأساسي للموقع (سيارات) — غير منشورة بالكامل
mobile-garage-medina,شركة كراج متنقل بالمدينة المنورة,المدينة المنورة,خدمات السيارات,فئة خارج النشاط الأساسي للموقع (سيارات) — غير منشورة بالكامل
mobile-garage-riyadh,شركة كراج متنقل بالرياض,الرياض,خدمات السيارات,فئة خارج النشاط الأساسي للموقع (سيارات) — غير منشورة بالكامل
mobile-garage-taif,شركة كراج متنقل بالطائف,الطائف,خدمات السيارات,فئة خارج النشاط الأساسي للموقع (سيارات) — غير منشورة بالكامل
mobile-workshop-abha,شركة ورشة متنقلة بأبها,أبها,خدمات السيارات,فئة خارج النشاط الأساسي للموقع (سيارات) — غير منشورة بالكامل
mobile-workshop-dammam,شركة ورشة متنقلة بالدمام,الدمام,خدمات السيارات,فئة خارج النشاط الأساسي للموقع (سيارات) — غير منشورة بالكامل
mobile-workshop-jeddah,شركة ورشة متنقلة بجدة,جدة,خدمات السيارات,فئة خارج النشاط الأساسي للموقع (سيارات) — غير منشورة بالكامل
mobile-workshop-khobar,شركة ورشة متنقلة بالخبر,الخبر,خدمات السيارات,فئة خارج النشاط الأساسي للموقع (سيارات) — غير منشورة بالكامل
mobile-workshop-mecca,شركة ورشة متنقلة بمكة المكرمة,مكة المكرمة,خدمات السيارات,فئة خارج النشاط الأساسي للموقع (سيارات) — غير منشورة بالكامل
mobile-workshop-medina,شركة ورشة متنقلة بالمدينة المنورة,المدينة المنورة,خدمات السيارات,فئة خارج النشاط الأساسي للموقع (سيارات) — غير منشورة بالكامل
mobile-workshop-riyadh,شركة ورشة متنقلة بالرياض,الرياض,خدمات السيارات,فئة خارج النشاط الأساسي للموقع (سيارات) — غير منشورة بالكامل
mobile-workshop-taif,شركة ورشة متنقلة بالطائف,الطائف,خدمات السيارات,فئة خارج النشاط الأساسي للموقع (سيارات) — غير منشورة بالكامل
muffler-exhaust-repair-abha,شركة إصلاح كاتم الصوت والعادم بأبها,أبها,خدمات السيارات,فئة خارج النشاط الأساسي للموقع (سيارات) — غير منشورة بالكامل
muffler-exhaust-repair-dammam,شركة إصلاح كاتم الصوت والعادم بالدمام,الدمام,خدمات السيارات,فئة خارج النشاط الأساسي للموقع (سيارات) — غير منشورة بالكامل
muffler-exhaust-repair-jeddah,شركة إصلاح كاتم الصوت والعادم بجدة,جدة,خدمات السيارات,فئة خارج النشاط الأساسي للموقع (سيارات) — غير منشورة بالكامل
muffler-exhaust-repair-khobar,شركة إصلاح كاتم الصوت والعادم بالخبر,الخبر,خدمات السيارات,فئة خارج النشاط الأساسي للموقع (سيارات) — غير منشورة بالكامل
muffler-exhaust-repair-mecca,شركة إصلاح كاتم الصوت والعادم بمكة المكرمة,مكة المكرمة,خدمات السيارات,فئة خارج النشاط الأساسي للموقع (سيارات) — غير منشورة بالكامل
muffler-exhaust-repair-medina,شركة إصلاح كاتم الصوت والعادم بالمدينة المنورة,المدينة المنورة,خدمات السيارات,فئة خارج النشاط الأساسي للموقع (سيارات) — غير منشورة بالكامل
muffler-exhaust-repair-riyadh,شركة إصلاح كاتم الصوت والعادم بالرياض,الرياض,خدمات السيارات,فئة خارج النشاط الأساسي للموقع (سيارات) — غير منشورة بالكامل
muffler-exhaust-repair-taif,شركة إصلاح كاتم الصوت والعادم بالطائف,الطائف,خدمات السيارات,فئة خارج النشاط الأساسي للموقع (سيارات) — غير منشورة بالكامل
oil-change-abha,شركة خدمة تغيير الزيت بأبها,أبها,خدمات السيارات,فئة خارج النشاط الأساسي للموقع (سيارات) — غير منشورة بالكامل
oil-change-dammam,شركة خدمة تغيير الزيت بالدمام,الدمام,خدمات السيارات,فئة خارج النشاط الأساسي للموقع (سيارات) — غير منشورة بالكامل
oil-change-jeddah,شركة خدمة تغيير الزيت بجدة,جدة,خدمات السيارات,فئة خارج النشاط الأساسي للموقع (سيارات) — غير منشورة بالكامل
oil-change-khobar,شركة خدمة تغيير الزيت بالخبر,الخبر,خدمات السيارات,فئة خارج النشاط الأساسي للموقع (سيارات) — غير منشورة بالكامل
oil-change-mecca,شركة خدمة تغيير الزيت بمكة المكرمة,مكة المكرمة,خدمات السيارات,فئة خارج النشاط الأساسي للموقع (سيارات) — غير منشورة بالكامل
oil-change-medina,شركة خدمة تغيير الزيت بالمدينة المنورة,المدينة المنورة,خدمات السيارات,فئة خارج النشاط الأساسي للموقع (سيارات) — غير منشورة بالكامل
oil-change-riyadh,شركة خدمة تغيير الزيت بالرياض,الرياض,خدمات السيارات,فئة خارج النشاط الأساسي للموقع (سيارات) — غير منشورة بالكامل
oil-change-taif,شركة خدمة تغيير الزيت بالطائف,الطائف,خدمات السيارات,فئة خارج النشاط الأساسي للموقع (سيارات) — غير منشورة بالكامل
paintless-dent-repair-abha,شركة إصلاح انبعاجات السيارة بأبها,أبها,خدمات السيارات,فئة خارج النشاط الأساسي للموقع (سيارات) — غير منشورة بالكامل
paintless-dent-repair-dammam,شركة إصلاح انبعاجات السيارة بالدمام,الدمام,خدمات السيارات,فئة خارج النشاط الأساسي للموقع (سيارات) — غير منشورة بالكامل
paintless-dent-repair-jeddah,شركة إصلاح انبعاجات السيارة بجدة,جدة,خدمات السيارات,فئة خارج النشاط الأساسي للموقع (سيارات) — غير منشورة بالكامل
paintless-dent-repair-khobar,شركة إصلاح انبعاجات السيارة بالخبر,الخبر,خدمات السيارات,فئة خارج النشاط الأساسي للموقع (سيارات) — غير منشورة بالكامل
paintless-dent-repair-mecca,شركة إصلاح انبعاجات السيارة بمكة المكرمة,مكة المكرمة,خدمات السيارات,فئة خارج النشاط الأساسي للموقع (سيارات) — غير منشورة بالكامل
paintless-dent-repair-medina,شركة إصلاح انبعاجات السيارة بالمدينة المنورة,المدينة المنورة,خدمات السيارات,فئة خارج النشاط الأساسي للموقع (سيارات) — غير منشورة بالكامل
paintless-dent-repair-riyadh,شركة إصلاح انبعاجات السيارة بالرياض,الرياض,خدمات السيارات,فئة خارج النشاط الأساسي للموقع (سيارات) — غير منشورة بالكامل
paintless-dent-repair-taif,شركة إصلاح انبعاجات السيارة بالطائف,الطائف,خدمات السيارات,فئة خارج النشاط الأساسي للموقع (سيارات) — غير منشورة بالكامل
pre-purchase-inspection-abha,شركة فحص ما قبل الشراء - PPI بأبها,أبها,خدمات السيارات,فئة خارج النشاط الأساسي للموقع (سيارات) — غير منشورة بالكامل
pre-purchase-inspection-dammam,شركة فحص ما قبل الشراء - PPI بالدمام,الدمام,خدمات السيارات,فئة خارج النشاط الأساسي للموقع (سيارات) — غير منشورة بالكامل
pre-purchase-inspection-jeddah,شركة فحص ما قبل الشراء - PPI بجدة,جدة,خدمات السيارات,فئة خارج النشاط الأساسي للموقع (سيارات) — غير منشورة بالكامل
pre-purchase-inspection-khobar,شركة فحص ما قبل الشراء - PPI بالخبر,الخبر,خدمات السيارات,فئة خارج النشاط الأساسي للموقع (سيارات) — غير منشورة بالكامل
pre-purchase-inspection-mecca,شركة فحص ما قبل الشراء - PPI بمكة المكرمة,مكة المكرمة,خدمات السيارات,فئة خارج النشاط الأساسي للموقع (سيارات) — غير منشورة بالكامل
pre-purchase-inspection-medina,شركة فحص ما قبل الشراء - PPI بالمدينة المنورة,المدينة المنورة,خدمات السيارات,فئة خارج النشاط الأساسي للموقع (سيارات) — غير منشورة بالكامل
pre-purchase-inspection-riyadh,شركة فحص ما قبل الشراء - PPI بالرياض,الرياض,خدمات السيارات,فئة خارج النشاط الأساسي للموقع (سيارات) — غير منشورة بالكامل
pre-purchase-inspection-taif,شركة فحص ما قبل الشراء - PPI بالطائف,الطائف,خدمات السيارات,فئة خارج النشاط الأساسي للموقع (سيارات) — غير منشورة بالكامل
printing-copying-abha,شركة خدمات الطباعة والنسخ بأبها,أبها,خدمات المعاملات والأعمال,فئة معاملات/أعمال — غير منشورة بالكامل
printing-copying-dammam,شركة خدمات الطباعة والنسخ بالدمام,الدمام,خدمات المعاملات والأعمال,فئة معاملات/أعمال — غير منشورة بالكامل
printing-copying-jeddah,شركة خدمات الطباعة والنسخ بجدة,جدة,خدمات المعاملات والأعمال,فئة معاملات/أعمال — غير منشورة بالكامل
printing-copying-khobar,شركة خدمات الطباعة والنسخ بالخبر,الخبر,خدمات المعاملات والأعمال,فئة معاملات/أعمال — غير منشورة بالكامل
printing-copying-mecca,شركة خدمات الطباعة والنسخ بمكة المكرمة,مكة المكرمة,خدمات المعاملات والأعمال,فئة معاملات/أعمال — غير منشورة بالكامل
printing-copying-medina,شركة خدمات الطباعة والنسخ بالمدينة المنورة,المدينة المنورة,خدمات المعاملات والأعمال,فئة معاملات/أعمال — غير منشورة بالكامل
printing-copying-riyadh,شركة خدمات الطباعة والنسخ بالرياض,الرياض,خدمات المعاملات والأعمال,فئة معاملات/أعمال — غير منشورة بالكامل
printing-copying-taif,شركة خدمات الطباعة والنسخ بالطائف,الطائف,خدمات المعاملات والأعمال,فئة معاملات/أعمال — غير منشورة بالكامل
steam-car-wash-abha,شركة غسيل سيارات بالبخار بأبها,أبها,خدمات السيارات,فئة خارج النشاط الأساسي للموقع (سيارات) — غير منشورة بالكامل
steam-car-wash-dammam,شركة غسيل سيارات بالبخار بالدمام,الدمام,خدمات السيارات,فئة خارج النشاط الأساسي للموقع (سيارات) — غير منشورة بالكامل
steam-car-wash-jeddah,شركة غسيل سيارات بالبخار بجدة,جدة,خدمات السيارات,فئة خارج النشاط الأساسي للموقع (سيارات) — غير منشورة بالكامل
steam-car-wash-khobar,شركة غسيل سيارات بالبخار بالخبر,الخبر,خدمات السيارات,فئة خارج النشاط الأساسي للموقع (سيارات) — غير منشورة بالكامل
steam-car-wash-mecca,شركة غسيل سيارات بالبخار بمكة المكرمة,مكة المكرمة,خدمات السيارات,فئة خارج النشاط الأساسي للموقع (سيارات) — غير منشورة بالكامل
steam-car-wash-medina,شركة غسيل سيارات بالبخار بالمدينة المنورة,المدينة المنورة,خدمات السيارات,فئة خارج النشاط الأساسي للموقع (سيارات) — غير منشورة بالكامل
steam-car-wash-riyadh,شركة غسيل سيارات بالبخار بالرياض,الرياض,خدمات السيارات,فئة خارج النشاط الأساسي للموقع (سيارات) — غير منشورة بالكامل
steam-car-wash-taif,شركة غسيل سيارات بالبخار بالطائف,الطائف,خدمات السيارات,فئة خارج النشاط الأساسي للموقع (سيارات) — غير منشورة بالكامل
steering-repair-abha,شركة خدمة إصلاح مقود السيارة بأبها,أبها,خدمات السيارات,فئة خارج النشاط الأساسي للموقع (سيارات) — غير منشورة بالكامل
steering-repair-dammam,شركة خدمة إصلاح مقود السيارة بالدمام,الدمام,خدمات السيارات,فئة خارج النشاط الأساسي للموقع (سيارات) — غير منشورة بالكامل
steering-repair-jeddah,شركة خدمة إصلاح مقود السيارة بجدة,جدة,خدمات السيارات,فئة خارج النشاط الأساسي للموقع (سيارات) — غير منشورة بالكامل
steering-repair-khobar,شركة خدمة إصلاح مقود السيارة بالخبر,الخبر,خدمات السيارات,فئة خارج النشاط الأساسي للموقع (سيارات) — غير منشورة بالكامل
steering-repair-mecca,شركة خدمة إصلاح مقود السيارة بمكة المكرمة,مكة المكرمة,خدمات السيارات,فئة خارج النشاط الأساسي للموقع (سيارات) — غير منشورة بالكامل
steering-repair-medina,شركة خدمة إصلاح مقود السيارة بالمدينة المنورة,المدينة المنورة,خدمات السيارات,فئة خارج النشاط الأساسي للموقع (سيارات) — غير منشورة بالكامل
steering-repair-riyadh,شركة خدمة إصلاح مقود السيارة بالرياض,الرياض,خدمات السيارات,فئة خارج النشاط الأساسي للموقع (سيارات) — غير منشورة بالكامل
steering-repair-taif,شركة خدمة إصلاح مقود السيارة بالطائف,الطائف,خدمات السيارات,فئة خارج النشاط الأساسي للموقع (سيارات) — غير منشورة بالكامل
suspension-repair-abha,شركة خدمات إصلاح تعليق السيارات بأبها,أبها,خدمات السيارات,فئة خارج النشاط الأساسي للموقع (سيارات) — غير منشورة بالكامل
suspension-repair-dammam,شركة خدمات إصلاح تعليق السيارات بالدمام,الدمام,خدمات السيارات,فئة خارج النشاط الأساسي للموقع (سيارات) — غير منشورة بالكامل
suspension-repair-jeddah,شركة خدمات إصلاح تعليق السيارات بجدة,جدة,خدمات السيارات,فئة خارج النشاط الأساسي للموقع (سيارات) — غير منشورة بالكامل
suspension-repair-khobar,شركة خدمات إصلاح تعليق السيارات بالخبر,الخبر,خدمات السيارات,فئة خارج النشاط الأساسي للموقع (سيارات) — غير منشورة بالكامل
suspension-repair-mecca,شركة خدمات إصلاح تعليق السيارات بمكة المكرمة,مكة المكرمة,خدمات السيارات,فئة خارج النشاط الأساسي للموقع (سيارات) — غير منشورة بالكامل
suspension-repair-medina,شركة خدمات إصلاح تعليق السيارات بالمدينة المنورة,المدينة المنورة,خدمات السيارات,فئة خارج النشاط الأساسي للموقع (سيارات) — غير منشورة بالكامل
suspension-repair-riyadh,شركة خدمات إصلاح تعليق السيارات بالرياض,الرياض,خدمات السيارات,فئة خارج النشاط الأساسي للموقع (سيارات) — غير منشورة بالكامل
suspension-repair-taif,شركة خدمات إصلاح تعليق السيارات بالطائف,الطائف,خدمات السيارات,فئة خارج النشاط الأساسي للموقع (سيارات) — غير منشورة بالكامل
tire-replacement-abha,شركة تبديل إطارات بأبها,أبها,خدمات السيارات,فئة خارج النشاط الأساسي للموقع (سيارات) — غير منشورة بالكامل
tire-replacement-dammam,شركة تبديل إطارات بالدمام,الدمام,خدمات السيارات,فئة خارج النشاط الأساسي للموقع (سيارات) — غير منشورة بالكامل
tire-replacement-jeddah,شركة تبديل إطارات بجدة,جدة,خدمات السيارات,فئة خارج النشاط الأساسي للموقع (سيارات) — غير منشورة بالكامل
tire-replacement-khobar,شركة تبديل إطارات بالخبر,الخبر,خدمات السيارات,فئة خارج النشاط الأساسي للموقع (سيارات) — غير منشورة بالكامل
tire-replacement-mecca,شركة تبديل إطارات بمكة المكرمة,مكة المكرمة,خدمات السيارات,فئة خارج النشاط الأساسي للموقع (سيارات) — غير منشورة بالكامل
tire-replacement-medina,شركة تبديل إطارات بالمدينة المنورة,المدينة المنورة,خدمات السيارات,فئة خارج النشاط الأساسي للموقع (سيارات) — غير منشورة بالكامل
tire-replacement-riyadh,شركة تبديل إطارات بالرياض,الرياض,خدمات السيارات,فئة خارج النشاط الأساسي للموقع (سيارات) — غير منشورة بالكامل
tire-replacement-taif,شركة تبديل إطارات بالطائف,الطائف,خدمات السيارات,فئة خارج النشاط الأساسي للموقع (سيارات) — غير منشورة بالكامل
trade-license-services-abha,شركة خدمات إصدار الرخص التجارية بأبها,أبها,خدمات المعاملات والأعمال,فئة معاملات/أعمال — غير منشورة بالكامل
trade-license-services-dammam,شركة خدمات إصدار الرخص التجارية بالدمام,الدمام,خدمات المعاملات والأعمال,فئة معاملات/أعمال — غير منشورة بالكامل
trade-license-services-jeddah,شركة خدمات إصدار الرخص التجارية بجدة,جدة,خدمات المعاملات والأعمال,فئة معاملات/أعمال — غير منشورة بالكامل
trade-license-services-khobar,شركة خدمات إصدار الرخص التجارية بالخبر,الخبر,خدمات المعاملات والأعمال,فئة معاملات/أعمال — غير منشورة بالكامل
trade-license-services-mecca,شركة خدمات إصدار الرخص التجارية بمكة المكرمة,مكة المكرمة,خدمات المعاملات والأعمال,فئة معاملات/أعمال — غير منشورة بالكامل
trade-license-services-medina,شركة خدمات إصدار الرخص التجارية بالمدينة المنورة,المدينة المنورة,خدمات المعاملات والأعمال,فئة معاملات/أعمال — غير منشورة بالكامل
trade-license-services-riyadh,شركة خدمات إصدار الرخص التجارية بالرياض,الرياض,خدمات المعاملات والأعمال,فئة معاملات/أعمال — غير منشورة بالكامل
trade-license-services-taif,شركة خدمات إصدار الرخص التجارية بالطائف,الطائف,خدمات المعاملات والأعمال,فئة معاملات/أعمال — غير منشورة بالكامل
transmission-repair-abha,شركة خدمة إصلاح ناقل الحركة /علبة التروس بأبها,أبها,خدمات السيارات,فئة خارج النشاط الأساسي للموقع (سيارات) — غير منشورة بالكامل
transmission-repair-dammam,شركة خدمة إصلاح ناقل الحركة /علبة التروس بالدمام,الدمام,خدمات السيارات,فئة خارج النشاط الأساسي للموقع (سيارات) — غير منشورة بالكامل
transmission-repair-jeddah,شركة خدمة إصلاح ناقل الحركة /علبة التروس بجدة,جدة,خدمات السيارات,فئة خارج النشاط الأساسي للموقع (سيارات) — غير منشورة بالكامل
transmission-repair-khobar,شركة خدمة إصلاح ناقل الحركة /علبة التروس بالخبر,الخبر,خدمات السيارات,فئة خارج النشاط الأساسي للموقع (سيارات) — غير منشورة بالكامل
transmission-repair-mecca,شركة خدمة إصلاح ناقل الحركة /علبة التروس بمكة المكرمة,مكة المكرمة,خدمات السيارات,فئة خارج النشاط الأساسي للموقع (سيارات) — غير منشورة بالكامل
transmission-repair-medina,شركة خدمة إصلاح ناقل الحركة /علبة التروس بالمدينة المنورة,المدينة المنورة,خدمات السيارات,فئة خارج النشاط الأساسي للموقع (سيارات) — غير منشورة بالكامل
transmission-repair-riyadh,شركة خدمة إصلاح ناقل الحركة /علبة التروس بالرياض,الرياض,خدمات السيارات,فئة خارج النشاط الأساسي للموقع (سيارات) — غير منشورة بالكامل
transmission-repair-taif,شركة خدمة إصلاح ناقل الحركة /علبة التروس بالطائف,الطائف,خدمات السيارات,فئة خارج النشاط الأساسي للموقع (سيارات) — غير منشورة بالكامل
