slug,title,url
home-cleaning-riyadh,شركة تنظيف منازل بالرياض,https://www.rukn-eltatawer.com/sa/home-cleaning-riyadh/
villa-cleaning-riyadh,شركة تنظيف فلل بالرياض,https://www.rukn-eltatawer.com/sa/villa-cleaning-riyadh/
apartment-cleaning-riyadh,شركة تنظيف شقق بالرياض,https://www.rukn-eltatawer.com/sa/apartment-cleaning-riyadh/
artificial-grass-grdn-riyadh,شركة تركيب عشب صناعي بالرياض,https://www.rukn-eltatawer.com/sa/artificial-grass-grdn-riyadh/
artificial-grass-grdn-mecca,شركة تركيب عشب صناعي بمكة المكرمة,https://www.rukn-eltatawer.com/sa/artificial-grass-grdn-mecca/
artificial-grass-grdn-jeddah,شركة تركيب عشب صناعي بجدة,https://www.rukn-eltatawer.com/sa/artificial-grass-grdn-jeddah/
artificial-grass-grdn-medina,شركة تركيب عشب صناعي بالمدينة المنورة,https://www.rukn-eltatawer.com/sa/artificial-grass-grdn-medina/
artificial-grass-grdn-khobar,شركة تركيب عشب صناعي بالخبر,https://www.rukn-eltatawer.com/sa/artificial-grass-grdn-khobar/
artificial-grass-grdn-dammam,شركة تركيب عشب صناعي بالدمام,https://www.rukn-eltatawer.com/sa/artificial-grass-grdn-dammam/
artificial-grass-grdn-taif,شركة تركيب عشب صناعي بالطائف,https://www.rukn-eltatawer.com/sa/artificial-grass-grdn-taif/
wall-grass-riyadh,شركة تركيب عشب جداري بالرياض,https://www.rukn-eltatawer.com/sa/wall-grass-riyadh/
artificial-grass-grdn-abha,شركة تركيب عشب صناعي بأبها,https://www.rukn-eltatawer.com/sa/artificial-grass-grdn-abha/
wall-grass-jeddah,شركة تركيب عشب جداري بجدة,https://www.rukn-eltatawer.com/sa/wall-grass-jeddah/
wall-grass-medina,شركة تركيب عشب جداري بالمدينة المنورة,https://www.rukn-eltatawer.com/sa/wall-grass-medina/
wall-grass-mecca,شركة تركيب عشب جداري بمكة المكرمة,https://www.rukn-eltatawer.com/sa/wall-grass-mecca/
wall-grass-khobar,شركة تركيب عشب جداري بالخبر,https://www.rukn-eltatawer.com/sa/wall-grass-khobar/
wall-grass-dammam,شركة تركيب عشب جداري بالدمام,https://www.rukn-eltatawer.com/sa/wall-grass-dammam/
wall-grass-abha,شركة تركيب عشب جداري بأبها,https://www.rukn-eltatawer.com/sa/wall-grass-abha/
wall-grass-taif,شركة تركيب عشب جداري بالطائف,https://www.rukn-eltatawer.com/sa/wall-grass-taif/
mattress-cleaning-abha,شركة تنظيف مراتب بأبها,https://www.rukn-eltatawer.com/sa/mattress-cleaning-abha/
school-nursery-cleaning-abha,شركة تنظيف مدارس وحضانات بأبها,https://www.rukn-eltatawer.com/sa/school-nursery-cleaning-abha/
kitchen-cleaning-abha,شركة تنظيف مطابخ بأبها,https://www.rukn-eltatawer.com/sa/kitchen-cleaning-abha/
hospital-clinic-cleaning-abha,شركة تنظيف مستشفيات وعيادات بأبها,https://www.rukn-eltatawer.com/sa/hospital-clinic-cleaning-abha/
moquette-cleaning-abha,شركة تنظيف موكيت بأبها,https://www.rukn-eltatawer.com/sa/moquette-cleaning-abha/
office-cleaning-abha,شركة تنظيف مكاتب بأبها,https://www.rukn-eltatawer.com/sa/office-cleaning-abha/
stone-facade-cleaning-abha,شركة تنظيف واجهات حجرية بأبها,https://www.rukn-eltatawer.com/sa/stone-facade-cleaning-abha/
glass-facade-cleaning-abha,شركة تنظيف واجهات زجاجية بأبها,https://www.rukn-eltatawer.com/sa/glass-facade-cleaning-abha/
car-shipping-jeddah,شركة شحن سيارات بجدة,https://www.rukn-eltatawer.com/sa/car-shipping-jeddah/
duct-cleaning-abha,شركة تنظيف وصيانة دكتات المكيفات بأبها,https://www.rukn-eltatawer.com/sa/duct-cleaning-abha/
chimney-cleaning-mecca,شركة تنظيف المداخن والشفاطات بمكة المكرمة,https://www.rukn-eltatawer.com/sa/chimney-cleaning-mecca/
curtain-cleaning-mecca,شركة تنظيف ستائر بمكة المكرمة,https://www.rukn-eltatawer.com/sa/curtain-cleaning-mecca/
furniture-shipping-mecca,شركة شحن أثاث بمكة المكرمة,https://www.rukn-eltatawer.com/sa/furniture-shipping-mecca/
rodent-control-dammam,شركة مكافحة الفئران والقوارض بالدمام,https://www.rukn-eltatawer.com/sa/rodent-control-dammam/
mattress-cleaning-medina,شركة تنظيف مراتب بالمدينة المنورة,https://www.rukn-eltatawer.com/sa/mattress-cleaning-medina/
gypsum-board-decor-abha,شركة ديكورات جبس بورد بأبها,https://www.rukn-eltatawer.com/sa/gypsum-board-decor-abha/
sat-dish-tech-jeddah,فني تركيب دش بجدة,https://www.rukn-eltatawer.com/sa/sat-dish-tech-jeddah/
satellite-tech-jeddah,فني تركيب أقمار صناعية بجدة,https://www.rukn-eltatawer.com/sa/satellite-tech-jeddah/
home-audio-tech-jeddah,فني أنظمة صوت منزلية بجدة,https://www.rukn-eltatawer.com/sa/home-audio-tech-jeddah/
water-leak-detection-riyadh,شركة كشف تسربات المياه بالرياض,https://www.rukn-eltatawer.com/sa/water-leak-detection-riyadh/
home-cleaning-al-baha-2026,شركة تنظيف منازل بالباحة | ركن التطور 2026,https://www.rukn-eltatawer.com/sa/home-cleaning-al-baha-2026/
ahmyh-alsyanh-aldwryh,أهمية الصيانة الدورية للمنازل في السعودية,https://www.rukn-eltatawer.com/sa/ahmyh-alsyanh-aldwryh/
mta-thtaj-lfhs-altsrbat,متى تحتاج لفحص تسربات المياه؟ العلامات التي لا تتجاهلها,https://www.rukn-eltatawer.com/sa/mta-thtaj-lfhs-altsrbat/
nsayh-llanayh-balmnzl,نصائح للعناية بالمنزل طوال العام,https://www.rukn-eltatawer.com/sa/nsayh-llanayh-balmnzl/
sbakh-wsyanh-aamh,سباكة وصيانة عامة للمنازل — حلول سريعة ومعتمدة,https://www.rukn-eltatawer.com/sa/sbakh-wsyanh-aamh/
mkafhh-alhshrat,مكافحة الحشرات في المنازل — حماية فعالة وآمنة,https://www.rukn-eltatawer.com/sa/mkafhh-alhshrat/
tnzyf-wtaqym,تنظيف وتعقيم المنازل — نظافة عميقة تدوم,https://www.rukn-eltatawer.com/sa/tnzyf-wtaqym/
syanh-altkyyf,صيانة التكييف — تبريد أقوى واستهلاك أقل,https://www.rukn-eltatawer.com/sa/syanh-altkyyf/
azl-alasth,عزل الأسطح — حماية من الرطوبة والحرارة,https://www.rukn-eltatawer.com/sa/azl-alasth/
kshf-tsrbat-almyah,كشف تسربات المياه — دليل الخدمة من ركن التطور,https://www.rukn-eltatawer.com/sa/kshf-tsrbat-almyah/
water-leak-detection-sharurah,كشف تسربات المياه في شرورة | شركة ركن التطور,https://www.rukn-eltatawer.com/sa/water-leak-detection-sharurah/
water-leak-detection-umluj,كشف تسربات المياه في أملج | شركة ركن التطور,https://www.rukn-eltatawer.com/sa/water-leak-detection-umluj/
water-leak-detection-al-mandaq,كشف تسربات المياه في المندق | شركة ركن التطور,https://www.rukn-eltatawer.com/sa/water-leak-detection-al-mandaq/
water-leak-detection-samtah,كشف تسربات المياه في صامطة | شركة ركن التطور,https://www.rukn-eltatawer.com/sa/water-leak-detection-samtah/
water-leak-detection-an-nuayriyah,كشف تسربات المياه في النعيرية | شركة ركن التطور,https://www.rukn-eltatawer.com/sa/water-leak-detection-an-nuayriyah/
water-leak-detection-tanuma,كشف تسربات المياه في تنومة | شركة ركن التطور,https://www.rukn-eltatawer.com/sa/water-leak-detection-tanuma/
water-leak-detection-al-namas,كشف تسربات المياه في النماص | شركة ركن التطور,https://www.rukn-eltatawer.com/sa/water-leak-detection-al-namas/
water-leak-detection-al-bukayriyah,كشف تسربات المياه في البكيرية | شركة ركن التطور,https://www.rukn-eltatawer.com/sa/water-leak-detection-al-bukayriyah/
water-leak-detection-ar-rass,كشف تسربات المياه في الرس | شركة ركن التطور,https://www.rukn-eltatawer.com/sa/water-leak-detection-ar-rass/
water-leak-detection-al-makhwah,كشف تسربات المياه في المخواة | شركة ركن التطور,https://www.rukn-eltatawer.com/sa/water-leak-detection-al-makhwah/
water-leak-detection-baljurashi,كشف تسربات المياه في بلجرشي | شركة ركن التطور,https://www.rukn-eltatawer.com/sa/water-leak-detection-baljurashi/
water-leak-detection-zahran-al-janoub,كشف تسربات المياه في ظهران الجنوب | شركة ركن التطور,https://www.rukn-eltatawer.com/sa/water-leak-detection-zahran-al-janoub/
water-leak-detection-tathlith,كشف تسربات المياه في تثليث | شركة ركن التطور,https://www.rukn-eltatawer.com/sa/water-leak-detection-tathlith/
water-leak-detection-al-hinakiyah,كشف تسربات المياه في الحناكية | شركة ركن التطور,https://www.rukn-eltatawer.com/sa/water-leak-detection-al-hinakiyah/
water-leak-detection-al-mahd,كشف تسربات المياه في المهد | شركة ركن التطور,https://www.rukn-eltatawer.com/sa/water-leak-detection-al-mahd/
water-leak-detection-alula,كشف تسربات المياه في العلا | شركة ركن التطور,https://www.rukn-eltatawer.com/sa/water-leak-detection-alula/
water-leak-detection-badr,كشف تسربات المياه في بدر | شركة ركن التطور,https://www.rukn-eltatawer.com/sa/water-leak-detection-badr/
water-leak-detection-al-jumum,كشف تسربات المياه في الجموم | شركة ركن التطور,https://www.rukn-eltatawer.com/sa/water-leak-detection-al-jumum/
water-leak-detection-rabigh,كشف تسربات المياه في رابغ | شركة ركن التطور,https://www.rukn-eltatawer.com/sa/water-leak-detection-rabigh/
water-leak-detection-hafar-al-batin,كشف تسربات المياه في حفر الباطن | شركة ركن التطور,https://www.rukn-eltatawer.com/sa/water-leak-detection-hafar-al-batin/
water-leak-detection-duba,كشف تسربات المياه في ضباء | شركة ركن التطور,https://www.rukn-eltatawer.com/sa/water-leak-detection-duba/
water-leak-detection-al-wajh,كشف تسربات المياه في الوجه | شركة ركن التطور,https://www.rukn-eltatawer.com/sa/water-leak-detection-al-wajh/
water-leak-detection-dumat-al-jandal,كشف تسربات المياه في دومة الجندل | شركة ركن التطور,https://www.rukn-eltatawer.com/sa/water-leak-detection-dumat-al-jandal/
water-leak-detection-al-qurayyat,كشف تسربات المياه في القريات | شركة ركن التطور,https://www.rukn-eltatawer.com/sa/water-leak-detection-al-qurayyat/
water-leak-detection-turaif,كشف تسربات المياه في طريف | شركة ركن التطور,https://www.rukn-eltatawer.com/sa/water-leak-detection-turaif/
water-leak-detection-rafha,كشف تسربات المياه في رفحاء | شركة ركن التطور,https://www.rukn-eltatawer.com/sa/water-leak-detection-rafha/
water-leak-detection-abu-arish,كشف تسربات المياه في أبو عريش | شركة ركن التطور,https://www.rukn-eltatawer.com/sa/water-leak-detection-abu-arish/
water-leak-detection-sabya,كشف تسربات المياه في صبيا | شركة ركن التطور,https://www.rukn-eltatawer.com/sa/water-leak-detection-sabya/
water-leak-detection-sarat-obaidah,كشف تسربات المياه في سراة عبيدة | شركة ركن التطور,https://www.rukn-eltatawer.com/sa/water-leak-detection-sarat-obaidah/
water-leak-detection-muhayil-asir,كشف تسربات المياه في محايل عسير | شركة ركن التطور,https://www.rukn-eltatawer.com/sa/water-leak-detection-muhayil-asir/
water-leak-detection-bisha,كشف تسربات المياه في بيشة | شركة ركن التطور,https://www.rukn-eltatawer.com/sa/water-leak-detection-bisha/
water-leak-detection-al-aflaj,كشف تسربات المياه في الأفلاج | شركة ركن التطور,https://www.rukn-eltatawer.com/sa/water-leak-detection-al-aflaj/
water-leak-detection-wadi-ad-dawasir,كشف تسربات المياه في وادي الدواسر | شركة ركن التطور,https://www.rukn-eltatawer.com/sa/water-leak-detection-wadi-ad-dawasir/
water-leak-detection-al-majmaah,كشف تسربات المياه في المجمعة | شركة ركن التطور,https://www.rukn-eltatawer.com/sa/water-leak-detection-al-majmaah/
water-leak-detection-shaqra,كشف تسربات المياه في شقراء | شركة ركن التطور,https://www.rukn-eltatawer.com/sa/water-leak-detection-shaqra/
water-leak-detection-al-zulfi,كشف تسربات المياه في الزلفي,https://www.rukn-eltatawer.com/sa/water-leak-detection-al-zulfi/
water-leak-detection-al-kharj,كشف تسربات المياه في الخرج,https://www.rukn-eltatawer.com/sa/water-leak-detection-al-kharj/
water-leak-detection-ras-tanura,كشف تسربات المياه في رأس تنورة,https://www.rukn-eltatawer.com/sa/water-leak-detection-ras-tanura/
water-leak-detection-mubarraz,كشف تسربات المياه في المبرز,https://www.rukn-eltatawer.com/sa/water-leak-detection-mubarraz/
water-leak-detection-hofuf,كشف تسربات المياه في الهفوف,https://www.rukn-eltatawer.com/sa/water-leak-detection-hofuf/
water-leak-detection-al-lith,كشف تسربات المياه في الليث,https://www.rukn-eltatawer.com/sa/water-leak-detection-al-lith/
water-leak-detection-al-qunfudhah,كشف تسربات المياه في القنفذة,https://www.rukn-eltatawer.com/sa/water-leak-detection-al-qunfudhah/
water-leak-detection-arar,كشف تسربات المياه في عرعر,https://www.rukn-eltatawer.com/sa/water-leak-detection-arar/
water-leak-detection-sakakah,كشف تسربات المياه في سكاكا,https://www.rukn-eltatawer.com/sa/water-leak-detection-sakakah/
water-leak-detection-unaizah,كشف تسربات المياه في عنيزة,https://www.rukn-eltatawer.com/sa/water-leak-detection-unaizah/
water-leak-detection-dhahran,كشف تسربات المياه في الظهران,https://www.rukn-eltatawer.com/sa/water-leak-detection-dhahran/
