id,title,url,words,grade,category,featured,excerpt_ok,post_call,manual_cta,issues,needs
10406,صيانة التكييف — تبريد أقوى واستهلاك أقل,https://www.rukn-eltatawer.com/sa/syanh-altkyyf/,128,D,محور/دليل,True,False,0,True,أزرار اتصال/واتساب يدوية بدون shortcode [post_call],مقتطف يدوي (excerpt) | توسيع المحتوى جذرياً (<300 كلمة)
10408,مكافحة الحشرات في المنازل — حماية فعالة وآمنة,https://www.rukn-eltatawer.com/sa/mkafhh-alhshrat/,144,D,محور/دليل,True,False,0,True,أزرار اتصال/واتساب يدوية بدون shortcode [post_call],مقتطف يدوي (excerpt) | توسيع المحتوى جذرياً (<300 كلمة)
10405,عزل الأسطح — حماية من الرطوبة والحرارة,https://www.rukn-eltatawer.com/sa/azl-alasth/,147,D,عزل,True,False,0,True,أزرار اتصال/واتساب يدوية بدون shortcode [post_call],مقتطف يدوي (excerpt) | توسيع المحتوى جذرياً (<300 كلمة)
10409,سباكة وصيانة عامة للمنازل — حلول سريعة ومعتمدة,https://www.rukn-eltatawer.com/sa/sbakh-wsyanh-aamh/,152,D,محور/دليل,True,False,0,True,أزرار اتصال/واتساب يدوية بدون shortcode [post_call],مقتطف يدوي (excerpt) | توسيع المحتوى جذرياً (<300 كلمة)
10407,تنظيف وتعقيم المنازل — نظافة عميقة تدوم,https://www.rukn-eltatawer.com/sa/tnzyf-wtaqym/,158,D,تنظيف,True,False,0,True,أزرار اتصال/واتساب يدوية بدون shortcode [post_call],مقتطف يدوي (excerpt) | توسيع المحتوى جذرياً (<300 كلمة)
10404,كشف تسربات المياه — دليل الخدمة من ركن التطور,https://www.rukn-eltatawer.com/sa/kshf-tsrbat-almyah/,176,D,كشف تسربات,True,True,0,True,أزرار اتصال/واتساب يدوية بدون shortcode [post_call],توسيع المحتوى جذرياً (<300 كلمة)
10420,نصائح للعناية بالمنزل طوال العام,https://www.rukn-eltatawer.com/sa/nsayh-llanayh-balmnzl/,179,D,محور/دليل,True,True,0,True,أزرار اتصال/واتساب يدوية بدون shortcode [post_call],توسيع المحتوى جذرياً (<300 كلمة)
10421,متى تحتاج لفحص تسربات المياه؟ العلامات التي لا تتجاهلها,https://www.rukn-eltatawer.com/sa/mta-thtaj-lfhs-altsrbat/,276,D,محور/دليل,True,True,0,True,أزرار اتصال/واتساب يدوية بدون shortcode [post_call],توسيع المحتوى جذرياً (<300 كلمة)
10422,أهمية الصيانة الدورية للمنازل في السعودية,https://www.rukn-eltatawer.com/sa/ahmyh-alsyanh-aldwryh/,351,C,محور/دليل,True,True,0,True,أزرار اتصال/واتساب يدوية بدون shortcode [post_call],توسيع المحتوى (قصير جداً)
10280,شركة تنظيف شقق بالرياض,https://www.rukn-eltatawer.com/sa/apartment-cleaning-in-riyadh/,460,C,تنظيف,False,True,0,False,,صورة بارزة | توسيع المحتوى (قصير جداً) | إضافة [post_call] مع تعبئة الميتا | تفعيل بلوكات الثيم (features/steps/services/prices) عبر shortcodes+meta
10282,شركة تنظيف كنب بالبخار بالرياض,https://www.rukn-eltatawer.com/sa/sharikat-tanzif-kanab-bilbukhar-bilriyadh/,467,C,تنظيف,False,True,0,False,,صورة بارزة | توسيع المحتوى (قصير جداً) | إضافة [post_call] مع تعبئة الميتا | تفعيل بلوكات الثيم (features/steps/services/prices) عبر shortcodes+meta
10279,تنظيف فلل فاخرة بالرياض,https://www.rukn-eltatawer.com/sa/tanzif-filla-fakhira-bilriyadh/,484,C,تنظيف,False,True,0,False,,صورة بارزة | توسيع المحتوى (قصير جداً) | إضافة [post_call] مع تعبئة الميتا | تفعيل بلوكات الثيم (features/steps/services/prices) عبر shortcodes+meta
10278,شركة تنظيف فلل بالرياض,https://www.rukn-eltatawer.com/sa/sharikat-tanzif-filla-bilriyadh/,485,C,تنظيف,False,True,0,False,,صورة بارزة | توسيع المحتوى (قصير جداً) | إضافة [post_call] مع تعبئة الميتا | تفعيل بلوكات الثيم (features/steps/services/prices) عبر shortcodes+meta
10281,تنظيف شامل للمنازل بالرياض,https://www.rukn-eltatawer.com/sa/tanzif-shamil-lilmanazil-bilriyadh/,490,C,تنظيف,False,True,0,False,,صورة بارزة | توسيع المحتوى (قصير جداً) | إضافة [post_call] مع تعبئة الميتا | تفعيل بلوكات الثيم (features/steps/services/prices) عبر shortcodes+meta
10283,تنظيف سجاد وموكيت بالرياض,https://www.rukn-eltatawer.com/sa/tanzif-sijjad-wamaukit-bilriyadh/,491,C,تنظيف,False,True,0,False,,صورة بارزة | توسيع المحتوى (قصير جداً) | إضافة [post_call] مع تعبئة الميتا | تفعيل بلوكات الثيم (features/steps/services/prices) عبر shortcodes+meta
9278,كشف تسربات المياه في وسط الرياض,https://www.rukn-eltatawer.com/sa/water-leak-detection-riyadh-center/,519,C,كشف تسربات,False,False,1,False,,صورة بارزة | مقتطف يدوي (excerpt) | توسيع المحتوى (قصير جداً) | صور داخل المحتوى من مكتبة الوسائط | تفعيل بلوكات الثيم (features/steps/services/prices) عبر shortcodes+meta
9338,كشف تسربات المياه في المهد | شركة ركن التطور,https://www.rukn-eltatawer.com/sa/water-leak-detection-al-mahd/,557,C,كشف تسربات,False,False,2,False,,صورة بارزة | مقتطف يدوي (excerpt) | توسيع المحتوى (قصير جداً) | صور داخل المحتوى من مكتبة الوسائط | تفعيل بلوكات الثيم (features/steps/services/prices) عبر shortcodes+meta
9336,كشف تسربات المياه في بدر | شركة ركن التطور,https://www.rukn-eltatawer.com/sa/water-leak-detection-badr/,560,C,كشف تسربات,False,False,2,False,,صورة بارزة | مقتطف يدوي (excerpt) | توسيع المحتوى (قصير جداً) | صور داخل المحتوى من مكتبة الوسائط | تفعيل بلوكات الثيم (features/steps/services/prices) عبر shortcodes+meta
9347,كشف تسربات المياه في تنومة | شركة ركن التطور,https://www.rukn-eltatawer.com/sa/water-leak-detection-tanuma/,562,C,كشف تسربات,False,False,2,False,,صورة بارزة | مقتطف يدوي (excerpt) | توسيع المحتوى (قصير جداً) | صور داخل المحتوى من مكتبة الوسائط | تفعيل بلوكات الثيم (features/steps/services/prices) عبر shortcodes+meta
9343,كشف تسربات المياه في المخواة | شركة ركن التطور,https://www.rukn-eltatawer.com/sa/water-leak-detection-al-makhwah/,563,C,كشف تسربات,False,False,2,False,,صورة بارزة | مقتطف يدوي (excerpt) | توسيع المحتوى (قصير جداً) | صور داخل المحتوى من مكتبة الوسائط | تفعيل بلوكات الثيم (features/steps/services/prices) عبر shortcodes+meta
9309,كشف تسربات المياه في الهفوف,https://www.rukn-eltatawer.com/sa/water-leak-detection-hofuf/,565,C,كشف تسربات,False,False,2,False,,صورة بارزة | مقتطف يدوي (excerpt) | توسيع المحتوى (قصير جداً) | صور داخل المحتوى من مكتبة الوسائط | تفعيل بلوكات الثيم (features/steps/services/prices) عبر shortcodes+meta
9337,كشف تسربات المياه في العلا | شركة ركن التطور,https://www.rukn-eltatawer.com/sa/water-leak-detection-alula/,566,C,كشف تسربات,False,False,2,False,,صورة بارزة | مقتطف يدوي (excerpt) | توسيع المحتوى (قصير جداً) | صور داخل المحتوى من مكتبة الوسائط | تفعيل بلوكات الثيم (features/steps/services/prices) عبر shortcodes+meta
9320,كشف تسربات المياه في الأفلاج | شركة ركن التطور,https://www.rukn-eltatawer.com/sa/water-leak-detection-al-aflaj/,568,C,كشف تسربات,False,False,2,False,,صورة بارزة | مقتطف يدوي (excerpt) | توسيع المحتوى (قصير جداً) | صور داخل المحتوى من مكتبة الوسائط | تفعيل بلوكات الثيم (features/steps/services/prices) عبر shortcodes+meta
9290,كشف تسربات المياه في الدمام,https://www.rukn-eltatawer.com/sa/water-leak-detection-dammam/,569,C,كشف تسربات,False,False,2,False,,صورة بارزة | مقتطف يدوي (excerpt) | توسيع المحتوى (قصير جداً) | صور داخل المحتوى من مكتبة الوسائط | تفعيل بلوكات الثيم (features/steps/services/prices) عبر shortcodes+meta
9317,كشف تسربات المياه في شقراء | شركة ركن التطور,https://www.rukn-eltatawer.com/sa/water-leak-detection-shaqra/,569,C,كشف تسربات,False,False,2,False,,صورة بارزة | مقتطف يدوي (excerpt) | توسيع المحتوى (قصير جداً) | صور داخل المحتوى من مكتبة الوسائط | تفعيل بلوكات الثيم (features/steps/services/prices) عبر shortcodes+meta
9327,كشف تسربات المياه في طريف | شركة ركن التطور,https://www.rukn-eltatawer.com/sa/water-leak-detection-turaif/,569,C,كشف تسربات,False,False,2,False,,صورة بارزة | مقتطف يدوي (excerpt) | توسيع المحتوى (قصير جداً) | صور داخل المحتوى من مكتبة الوسائط | تفعيل بلوكات الثيم (features/steps/services/prices) عبر shortcodes+meta
9330,كشف تسربات المياه في الوجه | شركة ركن التطور,https://www.rukn-eltatawer.com/sa/water-leak-detection-al-wajh/,570,C,كشف تسربات,False,False,2,False,,صورة بارزة | مقتطف يدوي (excerpt) | توسيع المحتوى (قصير جداً) | صور داخل المحتوى من مكتبة الوسائط | تفعيل بلوكات الثيم (features/steps/services/prices) عبر shortcodes+meta
9346,كشف تسربات المياه في النماص | شركة ركن التطور,https://www.rukn-eltatawer.com/sa/water-leak-detection-al-namas/,570,C,كشف تسربات,False,False,2,False,,صورة بارزة | مقتطف يدوي (excerpt) | توسيع المحتوى (قصير جداً) | صور داخل المحتوى من مكتبة الوسائط | تفعيل بلوكات الثيم (features/steps/services/prices) عبر shortcodes+meta
9300,كشف تسربات المياه في نجران,https://www.rukn-eltatawer.com/sa/water-leak-detection-najran/,572,C,كشف تسربات,False,False,2,False,,صورة بارزة | مقتطف يدوي (excerpt) | توسيع المحتوى (قصير جداً) | صور داخل المحتوى من مكتبة الوسائط | تفعيل بلوكات الثيم (features/steps/services/prices) عبر shortcodes+meta
9339,كشف تسربات المياه في الحناكية | شركة ركن التطور,https://www.rukn-eltatawer.com/sa/water-leak-detection-al-hinakiyah/,572,C,كشف تسربات,False,False,2,False,,صورة بارزة | مقتطف يدوي (excerpt) | توسيع المحتوى (قصير جداً) | صور داخل المحتوى من مكتبة الوسائط | تفعيل بلوكات الثيم (features/steps/services/prices) عبر shortcodes+meta
9334,كشف تسربات المياه في رابغ | شركة ركن التطور,https://www.rukn-eltatawer.com/sa/water-leak-detection-rabigh/,573,C,كشف تسربات,False,False,2,False,,صورة بارزة | مقتطف يدوي (excerpt) | توسيع المحتوى (قصير جداً) | صور داخل المحتوى من مكتبة الوسائط | تفعيل بلوكات الثيم (features/steps/services/prices) عبر shortcodes+meta
9335,كشف تسربات المياه في الجموم | شركة ركن التطور,https://www.rukn-eltatawer.com/sa/water-leak-detection-al-jumum/,573,C,كشف تسربات,False,False,2,False,,صورة بارزة | مقتطف يدوي (excerpt) | توسيع المحتوى (قصير جداً) | صور داخل المحتوى من مكتبة الوسائط | تفعيل بلوكات الثيم (features/steps/services/prices) عبر shortcodes+meta
9303,كشف تسربات المياه في عرعر,https://www.rukn-eltatawer.com/sa/water-leak-detection-arar/,575,C,كشف تسربات,False,False,2,False,,صورة بارزة | مقتطف يدوي (excerpt) | توسيع المحتوى (قصير جداً) | صور داخل المحتوى من مكتبة الوسائط | تفعيل بلوكات الثيم (features/steps/services/prices) عبر shortcodes+meta
9305,كشف تسربات المياه في ينبع,https://www.rukn-eltatawer.com/sa/water-leak-detection-yanbu/,575,C,كشف تسربات,False,False,2,False,,صورة بارزة | مقتطف يدوي (excerpt) | توسيع المحتوى (قصير جداً) | صور داخل المحتوى من مكتبة الوسائط | تفعيل بلوكات الثيم (features/steps/services/prices) عبر shortcodes+meta
9331,كشف تسربات المياه في ضباء | شركة ركن التطور,https://www.rukn-eltatawer.com/sa/water-leak-detection-duba/,575,C,كشف تسربات,False,False,2,False,,صورة بارزة | مقتطف يدوي (excerpt) | توسيع المحتوى (قصير جداً) | صور داخل المحتوى من مكتبة الوسائط | تفعيل بلوكات الثيم (features/steps/services/prices) عبر shortcodes+meta
9350,كشف تسربات المياه في المندق | شركة ركن التطور,https://www.rukn-eltatawer.com/sa/water-leak-detection-al-mandaq/,575,C,كشف تسربات,False,False,2,False,,صورة بارزة | مقتطف يدوي (excerpt) | توسيع المحتوى (قصير جداً) | صور داخل المحتوى من مكتبة الوسائط | تفعيل بلوكات الثيم (features/steps/services/prices) عبر shortcodes+meta
9351,كشف تسربات المياه في أملج | شركة ركن التطور,https://www.rukn-eltatawer.com/sa/water-leak-detection-umluj/,575,C,كشف تسربات,False,False,2,False,,صورة بارزة | مقتطف يدوي (excerpt) | توسيع المحتوى (قصير جداً) | صور داخل المحتوى من مكتبة الوسائط | تفعيل بلوكات الثيم (features/steps/services/prices) عبر shortcodes+meta
9324,كشف تسربات المياه في صبيا | شركة ركن التطور,https://www.rukn-eltatawer.com/sa/water-leak-detection-sabya/,576,C,كشف تسربات,False,False,2,False,,صورة بارزة | مقتطف يدوي (excerpt) | توسيع المحتوى (قصير جداً) | صور داخل المحتوى من مكتبة الوسائط | تفعيل بلوكات الثيم (features/steps/services/prices) عبر shortcodes+meta
9344,كشف تسربات المياه في الرس | شركة ركن التطور,https://www.rukn-eltatawer.com/sa/water-leak-detection-ar-rass/,577,C,كشف تسربات,False,False,2,False,,صورة بارزة | مقتطف يدوي (excerpt) | توسيع المحتوى (قصير جداً) | صور داخل المحتوى من مكتبة الوسائط | تفعيل بلوكات الثيم (features/steps/services/prices) عبر shortcodes+meta
9326,كشف تسربات المياه في رفحاء | شركة ركن التطور,https://www.rukn-eltatawer.com/sa/water-leak-detection-rafha/,578,C,كشف تسربات,False,False,2,False,,صورة بارزة | مقتطف يدوي (excerpt) | توسيع المحتوى (قصير جداً) | صور داخل المحتوى من مكتبة الوسائط | تفعيل بلوكات الثيم (features/steps/services/prices) عبر shortcodes+meta
9328,كشف تسربات المياه في القريات | شركة ركن التطور,https://www.rukn-eltatawer.com/sa/water-leak-detection-al-qurayyat/,579,C,كشف تسربات,False,False,2,False,,صورة بارزة | مقتطف يدوي (excerpt) | توسيع المحتوى (قصير جداً) | صور داخل المحتوى من مكتبة الوسائط | تفعيل بلوكات الثيم (features/steps/services/prices) عبر shortcodes+meta
9348,كشف تسربات المياه في النعيرية | شركة ركن التطور,https://www.rukn-eltatawer.com/sa/water-leak-detection-an-nuayriyah/,579,C,كشف تسربات,False,False,2,False,,صورة بارزة | مقتطف يدوي (excerpt) | توسيع المحتوى (قصير جداً) | صور داخل المحتوى من مكتبة الوسائط | تفعيل بلوكات الثيم (features/steps/services/prices) عبر shortcodes+meta
9292,كشف تسربات المياه في الظهران,https://www.rukn-eltatawer.com/sa/water-leak-detection-dhahran/,580,C,كشف تسربات,False,False,2,False,,صورة بارزة | مقتطف يدوي (excerpt) | توسيع المحتوى (قصير جداً) | صور داخل المحتوى من مكتبة الوسائط | تفعيل بلوكات الثيم (features/steps/services/prices) عبر shortcodes+meta
9298,كشف تسربات المياه في عنيزة,https://www.rukn-eltatawer.com/sa/water-leak-detection-unaizah/,580,C,كشف تسربات,False,False,2,False,,صورة بارزة | مقتطف يدوي (excerpt) | توسيع المحتوى (قصير جداً) | صور داخل المحتوى من مكتبة الوسائط | تفعيل بلوكات الثيم (features/steps/services/prices) عبر shortcodes+meta
9299,كشف تسربات المياه في حائل,https://www.rukn-eltatawer.com/sa/water-leak-detection-hail/,580,C,كشف تسربات,False,False,2,False,,صورة بارزة | مقتطف يدوي (excerpt) | توسيع المحتوى (قصير جداً) | صور داخل المحتوى من مكتبة الوسائط | تفعيل بلوكات الثيم (features/steps/services/prices) عبر shortcodes+meta
9296,كشف تسربات المياه في تبوك,https://www.rukn-eltatawer.com/sa/water-leak-detection-tabuk/,582,C,كشف تسربات,False,False,2,False,,صورة بارزة | مقتطف يدوي (excerpt) | توسيع المحتوى (قصير جداً) | صور داخل المحتوى من مكتبة الوسائط | تفعيل بلوكات الثيم (features/steps/services/prices) عبر shortcodes+meta
9318,كشف تسربات المياه في المجمعة | شركة ركن التطور,https://www.rukn-eltatawer.com/sa/water-leak-detection-al-majmaah/,583,C,كشف تسربات,False,False,2,False,,صورة بارزة | مقتطف يدوي (excerpt) | توسيع المحتوى (قصير جداً) | صور داخل المحتوى من مكتبة الوسائط | تفعيل بلوكات الثيم (features/steps/services/prices) عبر shortcodes+meta
9291,كشف تسربات المياه في الخبر,https://www.rukn-eltatawer.com/sa/water-leak-detection-khobar/,585,C,كشف تسربات,False,False,2,False,,صورة بارزة | مقتطف يدوي (excerpt) | توسيع المحتوى (قصير جداً) | صور داخل المحتوى من مكتبة الوسائط | تفعيل بلوكات الثيم (features/steps/services/prices) عبر shortcodes+meta
9340,كشف تسربات المياه في تثليث | شركة ركن التطور,https://www.rukn-eltatawer.com/sa/water-leak-detection-tathlith/,586,C,كشف تسربات,False,False,2,False,,صورة بارزة | مقتطف يدوي (excerpt) | توسيع المحتوى (قصير جداً) | صور داخل المحتوى من مكتبة الوسائط | تفعيل بلوكات الثيم (features/steps/services/prices) عبر shortcodes+meta
9342,كشف تسربات المياه في بلجرشي | شركة ركن التطور,https://www.rukn-eltatawer.com/sa/water-leak-detection-baljurashi/,586,C,كشف تسربات,False,False,2,False,,صورة بارزة | مقتطف يدوي (excerpt) | توسيع المحتوى (قصير جداً) | صور داخل المحتوى من مكتبة الوسائط | تفعيل بلوكات الثيم (features/steps/services/prices) عبر shortcodes+meta
9321,كشف تسربات المياه في بيشة | شركة ركن التطور,https://www.rukn-eltatawer.com/sa/water-leak-detection-bisha/,588,C,كشف تسربات,False,False,2,False,,صورة بارزة | مقتطف يدوي (excerpt) | توسيع المحتوى (قصير جداً) | صور داخل المحتوى من مكتبة الوسائط | تفعيل بلوكات الثيم (features/steps/services/prices) عبر shortcodes+meta
9311,كشف تسربات المياه في الجبيل,https://www.rukn-eltatawer.com/sa/water-leak-detection-jubail/,594,C,كشف تسربات,False,False,2,False,,صورة بارزة | مقتطف يدوي (excerpt) | توسيع المحتوى (قصير جداً) | صور داخل المحتوى من مكتبة الوسائط | تفعيل بلوكات الثيم (features/steps/services/prices) عبر shortcodes+meta
9345,كشف تسربات المياه في البكيرية | شركة ركن التطور,https://www.rukn-eltatawer.com/sa/water-leak-detection-al-bukayriyah/,594,C,كشف تسربات,False,False,2,False,,صورة بارزة | مقتطف يدوي (excerpt) | توسيع المحتوى (قصير جداً) | صور داخل المحتوى من مكتبة الوسائط | تفعيل بلوكات الثيم (features/steps/services/prices) عبر shortcodes+meta
10277,تنظيف منازل بالرياض مع التعقيم الكامل,https://www.rukn-eltatawer.com/sa/tanzif-manazil-bilriyadh-maa-altaqim/,597,C,تنظيف,False,True,0,False,,صورة بارزة | توسيع المحتوى (قصير جداً) | إضافة [post_call] مع تعبئة الميتا | تفعيل بلوكات الثيم (features/steps/services/prices) عبر shortcodes+meta
9352,كشف تسربات المياه في شرورة | شركة ركن التطور,https://www.rukn-eltatawer.com/sa/water-leak-detection-sharurah/,599,C,كشف تسربات,False,False,2,False,,صورة بارزة | مقتطف يدوي (excerpt) | توسيع المحتوى (قصير جداً) | صور داخل المحتوى من مكتبة الوسائط | تفعيل بلوكات الثيم (features/steps/services/prices) عبر shortcodes+meta
9325,كشف تسربات المياه في أبو عريش | شركة ركن التطور,https://www.rukn-eltatawer.com/sa/water-leak-detection-abu-arish/,605,C,كشف تسربات,False,False,2,False,,صورة بارزة | مقتطف يدوي (excerpt) | إغناء المحتوى ليصل +1000 كلمة بجودة | صور داخل المحتوى من مكتبة الوسائط | تفعيل بلوكات الثيم (features/steps/services/prices) عبر shortcodes+meta
9349,كشف تسربات المياه في صامطة | شركة ركن التطور,https://www.rukn-eltatawer.com/sa/water-leak-detection-samtah/,605,C,كشف تسربات,False,False,2,False,,صورة بارزة | مقتطف يدوي (excerpt) | إغناء المحتوى ليصل +1000 كلمة بجودة | صور داخل المحتوى من مكتبة الوسائط | تفعيل بلوكات الثيم (features/steps/services/prices) عبر shortcodes+meta
9323,كشف تسربات المياه في سراة عبيدة | شركة ركن التطور,https://www.rukn-eltatawer.com/sa/water-leak-detection-sarat-obaidah/,612,C,كشف تسربات,False,False,2,False,,صورة بارزة | مقتطف يدوي (excerpt) | إغناء المحتوى ليصل +1000 كلمة بجودة | صور داخل المحتوى من مكتبة الوسائط | تفعيل بلوكات الثيم (features/steps/services/prices) عبر shortcodes+meta
9341,كشف تسربات المياه في ظهران الجنوب | شركة ركن التطور,https://www.rukn-eltatawer.com/sa/water-leak-detection-zahran-al-janoub/,613,C,كشف تسربات,False,False,2,False,,صورة بارزة | مقتطف يدوي (excerpt) | إغناء المحتوى ليصل +1000 كلمة بجودة | صور داخل المحتوى من مكتبة الوسائط | تفعيل بلوكات الثيم (features/steps/services/prices) عبر shortcodes+meta
9322,كشف تسربات المياه في محايل عسير | شركة ركن التطور,https://www.rukn-eltatawer.com/sa/water-leak-detection-muhayil-asir/,616,C,كشف تسربات,False,False,2,False,,صورة بارزة | مقتطف يدوي (excerpt) | إغناء المحتوى ليصل +1000 كلمة بجودة | صور داخل المحتوى من مكتبة الوسائط | تفعيل بلوكات الثيم (features/steps/services/prices) عبر shortcodes+meta
9329,كشف تسربات المياه في دومة الجندل | شركة ركن التطور,https://www.rukn-eltatawer.com/sa/water-leak-detection-dumat-al-jandal/,621,C,كشف تسربات,False,False,2,False,,صورة بارزة | مقتطف يدوي (excerpt) | إغناء المحتوى ليصل +1000 كلمة بجودة | صور داخل المحتوى من مكتبة الوسائط | تفعيل بلوكات الثيم (features/steps/services/prices) عبر shortcodes+meta
9332,كشف تسربات المياه في حفر الباطن | شركة ركن التطور,https://www.rukn-eltatawer.com/sa/water-leak-detection-hafar-al-batin/,625,C,كشف تسربات,False,False,2,False,,صورة بارزة | مقتطف يدوي (excerpt) | إغناء المحتوى ليصل +1000 كلمة بجودة | صور داخل المحتوى من مكتبة الوسائط | تفعيل بلوكات الثيم (features/steps/services/prices) عبر shortcodes+meta
9294,كشف تسربات المياه في خميس مشيط,https://www.rukn-eltatawer.com/sa/water-leak-detection-khamis-mushait/,635,C,كشف تسربات,False,False,2,False,,صورة بارزة | مقتطف يدوي (excerpt) | إغناء المحتوى ليصل +1000 كلمة بجودة | صور داخل المحتوى من مكتبة الوسائط | تفعيل بلوكات الثيم (features/steps/services/prices) عبر shortcodes+meta
9319,كشف تسربات المياه في وادي الدواسر | شركة ركن التطور,https://www.rukn-eltatawer.com/sa/water-leak-detection-wadi-ad-dawasir/,640,C,كشف تسربات,False,False,2,False,,صورة بارزة | مقتطف يدوي (excerpt) | إغناء المحتوى ليصل +1000 كلمة بجودة | صور داخل المحتوى من مكتبة الوسائط | تفعيل بلوكات الثيم (features/steps/services/prices) عبر shortcodes+meta
10275,أفضل شركة تنظيف منازل بالرياض,https://www.rukn-eltatawer.com/sa/afdal-sharikat-tanzif-manazil-bilriyadh/,709,C,تنظيف,False,True,0,False,,صورة بارزة | إغناء المحتوى ليصل +1000 كلمة بجودة | إضافة [post_call] مع تعبئة الميتا | تفعيل بلوكات الثيم (features/steps/services/prices) عبر shortcodes+meta
10276,أسعار تنظيف المنازل بالرياض,https://www.rukn-eltatawer.com/sa/asaar-tanzif-almanazil-bilriyadh/,715,C,تنظيف,False,True,0,False,,صورة بارزة | إغناء المحتوى ليصل +1000 كلمة بجودة | إضافة [post_call] مع تعبئة الميتا | تفعيل بلوكات الثيم (features/steps/services/prices) عبر shortcodes+meta
9282,كشف تسربات المياه في جنوب الرياض,https://www.rukn-eltatawer.com/sa/water-leak-detection-south-riyadh/,791,C,كشف تسربات,False,False,1,False,,صورة بارزة | مقتطف يدوي (excerpt) | إغناء المحتوى ليصل +1000 كلمة بجودة | صور داخل المحتوى من مكتبة الوسائط | تفعيل بلوكات الثيم (features/steps/services/prices) عبر shortcodes+meta
9284,كشف تسربات المياه في شمال جدة,https://www.rukn-eltatawer.com/sa/water-leak-detection-north-jeddah/,804,B,كشف تسربات,False,False,1,False,,صورة بارزة | مقتطف يدوي (excerpt) | إغناء المحتوى ليصل +1000 كلمة بجودة | صور داخل المحتوى من مكتبة الوسائط | تفعيل بلوكات الثيم (features/steps/services/prices) عبر shortcodes+meta
9283,كشف تسربات المياه في جدة,https://www.rukn-eltatawer.com/sa/water-leak-detection-jeddah-center/,821,B,كشف تسربات,False,False,1,False,,صورة بارزة | مقتطف يدوي (excerpt) | إغناء المحتوى ليصل +1000 كلمة بجودة | صور داخل المحتوى من مكتبة الوسائط | تفعيل بلوكات الثيم (features/steps/services/prices) عبر shortcodes+meta
9281,كشف تسربات المياه في غرب الرياض,https://www.rukn-eltatawer.com/sa/water-leak-detection-west-riyadh/,829,B,كشف تسربات,False,False,1,False,,صورة بارزة | مقتطف يدوي (excerpt) | إغناء المحتوى ليصل +1000 كلمة بجودة | صور داخل المحتوى من مكتبة الوسائط | تفعيل بلوكات الثيم (features/steps/services/prices) عبر shortcodes+meta
9280,كشف تسربات المياه في شرق الرياض,https://www.rukn-eltatawer.com/sa/water-leak-detection-east-riyadh/,834,B,كشف تسربات,False,False,1,False,,صورة بارزة | مقتطف يدوي (excerpt) | إغناء المحتوى ليصل +1000 كلمة بجودة | صور داخل المحتوى من مكتبة الوسائط | تفعيل بلوكات الثيم (features/steps/services/prices) عبر shortcodes+meta
9279,كشف تسربات المياه في شمال الرياض,https://www.rukn-eltatawer.com/sa/water-leak-detection-north-riyadh/,836,B,كشف تسربات,False,False,1,False,,صورة بارزة | مقتطف يدوي (excerpt) | إغناء المحتوى ليصل +1000 كلمة بجودة | صور داخل المحتوى من مكتبة الوسائط | تفعيل بلوكات الثيم (features/steps/services/prices) عبر shortcodes+meta
9286,كشف تسربات المياه في جنوب جدة,https://www.rukn-eltatawer.com/sa/water-leak-detection-south-jeddah/,854,B,كشف تسربات,False,False,1,False,,صورة بارزة | مقتطف يدوي (excerpt) | إغناء المحتوى ليصل +1000 كلمة بجودة | صور داخل المحتوى من مكتبة الوسائط | تفعيل بلوكات الثيم (features/steps/services/prices) عبر shortcodes+meta
9288,كشف تسربات المياه في أحياء مكة,https://www.rukn-eltatawer.com/sa/water-leak-detection-makkah-neighborhoods/,873,B,كشف تسربات,False,False,1,False,,صورة بارزة | مقتطف يدوي (excerpt) | إغناء المحتوى ليصل +1000 كلمة بجودة | صور داخل المحتوى من مكتبة الوسائط | تفعيل بلوكات الثيم (features/steps/services/prices) عبر shortcodes+meta
9285,كشف تسربات المياه في شرق جدة,https://www.rukn-eltatawer.com/sa/water-leak-detection-east-jeddah/,876,B,كشف تسربات,False,False,1,False,,صورة بارزة | مقتطف يدوي (excerpt) | إغناء المحتوى ليصل +1000 كلمة بجودة | صور داخل المحتوى من مكتبة الوسائط | تفعيل بلوكات الثيم (features/steps/services/prices) عبر shortcodes+meta
9307,كشف تسربات المياه في الليث,https://www.rukn-eltatawer.com/sa/water-leak-detection-al-lith/,888,B,كشف تسربات,False,False,1,False,,صورة بارزة | مقتطف يدوي (excerpt) | إغناء المحتوى ليصل +1000 كلمة بجودة | صور داخل المحتوى من مكتبة الوسائط | تفعيل بلوكات الثيم (features/steps/services/prices) عبر shortcodes+meta
9302,كشف تسربات المياه في سكاكا,https://www.rukn-eltatawer.com/sa/water-leak-detection-sakakah/,895,B,كشف تسربات,False,False,1,False,,صورة بارزة | مقتطف يدوي (excerpt) | إغناء المحتوى ليصل +1000 كلمة بجودة | صور داخل المحتوى من مكتبة الوسائط | تفعيل بلوكات الثيم (features/steps/services/prices) عبر shortcodes+meta
9295,كشف تسربات المياه في الطائف,https://www.rukn-eltatawer.com/sa/water-leak-detection-taif/,898,B,كشف تسربات,False,False,1,False,,صورة بارزة | مقتطف يدوي (excerpt) | إغناء المحتوى ليصل +1000 كلمة بجودة | صور داخل المحتوى من مكتبة الوسائط | تفعيل بلوكات الثيم (features/steps/services/prices) عبر shortcodes+meta
9293,كشف تسربات المياه في أبها,https://www.rukn-eltatawer.com/sa/water-leak-detection-abha/,919,B,كشف تسربات,False,False,1,False,,صورة بارزة | مقتطف يدوي (excerpt) | إغناء المحتوى ليصل +1000 كلمة بجودة | صور داخل المحتوى من مكتبة الوسائط | تفعيل بلوكات الثيم (features/steps/services/prices) عبر shortcodes+meta
9308,كشف تسربات المياه في الأحساء,https://www.rukn-eltatawer.com/sa/water-leak-detection-al-ahsa/,919,B,كشف تسربات,False,False,0,True,أزرار اتصال/واتساب يدوية بدون shortcode [post_call],صورة بارزة | مقتطف يدوي (excerpt) | إغناء المحتوى ليصل +1000 كلمة بجودة | صور داخل المحتوى من مكتبة الوسائط | تفعيل بلوكات الثيم (features/steps/services/prices) عبر shortcodes+meta
9313,كشف تسربات المياه في رأس تنورة,https://www.rukn-eltatawer.com/sa/water-leak-detection-ras-tanura/,933,B,كشف تسربات,False,False,0,True,أزرار اتصال/واتساب يدوية بدون shortcode [post_call],صورة بارزة | مقتطف يدوي (excerpt) | إغناء المحتوى ليصل +1000 كلمة بجودة | صور داخل المحتوى من مكتبة الوسائط | تفعيل بلوكات الثيم (features/steps/services/prices) عبر shortcodes+meta
9312,كشف تسربات المياه في القطيف,https://www.rukn-eltatawer.com/sa/water-leak-detection-qatif/,935,B,كشف تسربات,False,False,0,True,أزرار اتصال/واتساب يدوية بدون shortcode [post_call],صورة بارزة | مقتطف يدوي (excerpt) | إغناء المحتوى ليصل +1000 كلمة بجودة | صور داخل المحتوى من مكتبة الوسائط | تفعيل بلوكات الثيم (features/steps/services/prices) عبر shortcodes+meta
9304,كشف تسربات المياه في الباحة,https://www.rukn-eltatawer.com/sa/water-leak-detection-al-baha/,945,B,كشف تسربات,False,False,1,False,,صورة بارزة | مقتطف يدوي (excerpt) | إغناء المحتوى ليصل +1000 كلمة بجودة | صور داخل المحتوى من مكتبة الوسائط | تفعيل بلوكات الثيم (features/steps/services/prices) عبر shortcodes+meta
9297,كشف تسربات المياه في بريدة,https://www.rukn-eltatawer.com/sa/water-leak-detection-buraidah/,947,B,كشف تسربات,False,False,1,False,,صورة بارزة | مقتطف يدوي (excerpt) | إغناء المحتوى ليصل +1000 كلمة بجودة | صور داخل المحتوى من مكتبة الوسائط | تفعيل بلوكات الثيم (features/steps/services/prices) عبر shortcodes+meta
9301,كشف تسربات المياه في جازان,https://www.rukn-eltatawer.com/sa/water-leak-detection-jazan/,954,B,كشف تسربات,False,False,1,False,,صورة بارزة | مقتطف يدوي (excerpt) | إغناء المحتوى ليصل +1000 كلمة بجودة | صور داخل المحتوى من مكتبة الوسائط | تفعيل بلوكات الثيم (features/steps/services/prices) عبر shortcodes+meta
9306,كشف تسربات المياه في القنفذة,https://www.rukn-eltatawer.com/sa/water-leak-detection-al-qunfudhah/,962,B,كشف تسربات,False,False,1,False,,صورة بارزة | مقتطف يدوي (excerpt) | إغناء المحتوى ليصل +1000 كلمة بجودة | صور داخل المحتوى من مكتبة الوسائط | تفعيل بلوكات الثيم (features/steps/services/prices) عبر shortcodes+meta
9314,كشف تسربات المياه في الخرج,https://www.rukn-eltatawer.com/sa/water-leak-detection-al-kharj/,978,B,كشف تسربات,False,False,0,True,أزرار اتصال/واتساب يدوية بدون shortcode [post_call],صورة بارزة | مقتطف يدوي (excerpt) | إغناء المحتوى ليصل +1000 كلمة بجودة | صور داخل المحتوى من مكتبة الوسائط | تفعيل بلوكات الثيم (features/steps/services/prices) عبر shortcodes+meta
9310,كشف تسربات المياه في المبرز,https://www.rukn-eltatawer.com/sa/water-leak-detection-mubarraz/,980,B,كشف تسربات,False,False,0,True,أزرار اتصال/واتساب يدوية بدون shortcode [post_call],صورة بارزة | مقتطف يدوي (excerpt) | إغناء المحتوى ليصل +1000 كلمة بجودة | صور داخل المحتوى من مكتبة الوسائط | تفعيل بلوكات الثيم (features/steps/services/prices) عبر shortcodes+meta
9289,كشف تسربات المياه في المدينة المنورة,https://www.rukn-eltatawer.com/sa/water-leak-detection-madinah/,1169,C,كشف تسربات,False,False,0,True,أرقام هاتف خاطئة/وهمية: ['05XXXXXXXX'] | أزرار اتصال/واتساب يدوية بدون shortcode [post_call] | نص تجريبي/placeholder داخل المحتوى,صورة بارزة | مقتطف يدوي (excerpt) | صور داخل المحتوى من مكتبة الوسائط | تفعيل بلوكات الثيم (features/steps/services/prices) عبر shortcodes+meta
9316,كشف تسربات المياه في الزلفي,https://www.rukn-eltatawer.com/sa/water-leak-detection-al-zulfi/,1209,B,كشف تسربات,False,False,0,True,أزرار اتصال/واتساب يدوية بدون shortcode [post_call],صورة بارزة | مقتطف يدوي (excerpt) | صور داخل المحتوى من مكتبة الوسائط | تفعيل بلوكات الثيم (features/steps/services/prices) عبر shortcodes+meta
9315,كشف تسربات المياه في الدوادمي,https://www.rukn-eltatawer.com/sa/water-leak-detection-al-dawadmi/,1553,B,كشف تسربات,False,False,0,True,أزرار اتصال/واتساب يدوية بدون shortcode [post_call],صورة بارزة | مقتطف يدوي (excerpt) | صور داخل المحتوى من مكتبة الوسائط | تفعيل بلوكات الثيم (features/steps/services/prices) عبر shortcodes+meta
10293,شركة تنظيف منازل بالباحة | ركن التطور 2026,https://www.rukn-eltatawer.com/sa/%d8%b4%d8%b1%d9%83%d8%a9-%d8%aa%d9%86%d8%b8%d9%8a%d9%81-%d9%85%d9%86%d8%a7%d8%b2%d9%84-%d8%a8%d8%a7%d9%84%d8%a8%d8%a7%d8%ad%d8%a9-%d8%b1%d9%83%d9%86-%d8%a7%d9%84%d8%aa%d8%b7%d9%88%d8%b1-2026/,1593,B,تنظيف,False,False,0,False,,صورة بارزة | مقتطف يدوي (excerpt) | إضافة [post_call] مع تعبئة الميتا | تفعيل بلوكات الثيم (features/steps/services/prices) عبر shortcodes+meta
10292,تنظيف فلل بالباحة | خدمات احترافية من ركن التطور 2026,https://www.rukn-eltatawer.com/sa/%d8%aa%d9%86%d8%b8%d9%8a%d9%81-%d9%81%d9%84%d9%84-%d8%a8%d8%a7%d9%84%d8%a8%d8%a7%d8%ad%d8%a9-%d8%ae%d8%af%d9%85%d8%a7%d8%aa-%d8%a7%d8%ad%d8%aa%d8%b1%d8%a7%d9%81%d9%8a%d8%a9-%d9%85%d9%86-%d8%b1%d9%83/,1906,B,تنظيف,False,False,0,True,أزرار اتصال/واتساب يدوية بدون shortcode [post_call],صورة بارزة | مقتطف يدوي (excerpt) | صور داخل المحتوى من مكتبة الوسائط | تفعيل بلوكات الثيم (features/steps/services/prices) عبر shortcodes+meta
10604,عزل الأسطح في الرياض 2026 | حماية مائية وحرارية معتمدة,https://www.rukn-eltatawer.com/sa/roof-insulation-riyadh/,1963,A,عزل,True,True,3,False,,
9287,كشف تسربات المياه في مكة,https://www.rukn-eltatawer.com/sa/water-leak-detection-makkah-center/,2123,B,كشف تسربات,False,False,0,True,أزرار اتصال/واتساب يدوية بدون shortcode [post_call],صورة بارزة | مقتطف يدوي (excerpt) | عناوين فرعية H2 أوضح | صور داخل المحتوى من مكتبة الوسائط | تفعيل بلوكات الثيم (features/steps/services/prices) عبر shortcodes+meta | قسم أسئلة شائعة أقوى
10603,شركة كشف تسربات المياه في الرياض 2026 | فحص معتمد بدون تكسير,https://www.rukn-eltatawer.com/sa/water-leak-detection-riyadh/,2875,A,كشف تسربات,True,True,3,False,,
10274,شركة تنظيف منازل بالرياض,https://www.rukn-eltatawer.com/sa/house-cleaning-in-riyadh/,3732,B,تنظيف,False,True,0,False,,صورة بارزة | إضافة [post_call] مع تعبئة الميتا | تفعيل بلوكات الثيم (features/steps/services/prices) عبر shortcodes+meta
9333,كشف تسربات المياه بالخفجي,https://www.rukn-eltatawer.com/sa/water-leak-detection-khafji/,5830,B,كشف تسربات,False,False,9,False,تكرار مفرط لـ [post_call] ×9,صورة بارزة | مقتطف يدوي (excerpt) | عناوين فرعية H2 أوضح | صور داخل المحتوى من مكتبة الوسائط
