id,title,type,words,modified,urgency,issues,action,url
9351,كشف تسربات المياه في أملج | شركة ركن التطور,صفحة مدينة - كشف تسربات,36,2026-02-10,حرج,رقم إماراتي خاطئ | محتوى هزيل | بدون صورة بارزة,تصحيح أرقام الهاتف إلى 0568060309 | إعادة كتابة المحتوى (هدف 800-1500 كلمة) مع أحياء محلية وأسعار وأسئلة شائعة | إضافة صورة بارزة,https://www.rukn-eltatawer.com/sa/water-leak-detection-umluj/
9352,كشف تسربات المياه في شرورة | شركة ركن التطور,صفحة مدينة - كشف تسربات,37,2026-02-10,حرج,رقم إماراتي خاطئ | محتوى هزيل | بدون صورة بارزة,تصحيح أرقام الهاتف إلى 0568060309 | إعادة كتابة المحتوى (هدف 800-1500 كلمة) مع أحياء محلية وأسعار وأسئلة شائعة | إضافة صورة بارزة,https://www.rukn-eltatawer.com/sa/water-leak-detection-sharurah/
9347,كشف تسربات المياه في تنومة | شركة ركن التطور,صفحة مدينة - كشف تسربات,38,2026-02-10,حرج,رقم إماراتي خاطئ | محتوى هزيل | بدون صورة بارزة,تصحيح أرقام الهاتف إلى 0568060309 | إعادة كتابة المحتوى (هدف 800-1500 كلمة) مع أحياء محلية وأسعار وأسئلة شائعة | إضافة صورة بارزة,https://www.rukn-eltatawer.com/sa/water-leak-detection-tanuma/
9350,كشف تسربات المياه في المندق | شركة ركن التطور,صفحة مدينة - كشف تسربات,39,2026-02-10,حرج,رقم إماراتي خاطئ | محتوى هزيل | بدون صورة بارزة,تصحيح أرقام الهاتف إلى 0568060309 | إعادة كتابة المحتوى (هدف 800-1500 كلمة) مع أحياء محلية وأسعار وأسئلة شائعة | إضافة صورة بارزة,https://www.rukn-eltatawer.com/sa/water-leak-detection-al-mandaq/
9349,كشف تسربات المياه في صامطة | شركة ركن التطور,صفحة مدينة - كشف تسربات,39,2026-02-10,حرج,رقم إماراتي خاطئ | محتوى هزيل | بدون صورة بارزة,تصحيح أرقام الهاتف إلى 0568060309 | إعادة كتابة المحتوى (هدف 800-1500 كلمة) مع أحياء محلية وأسعار وأسئلة شائعة | إضافة صورة بارزة,https://www.rukn-eltatawer.com/sa/water-leak-detection-samtah/
9348,كشف تسربات المياه في النعيرية | شركة ركن التطور,صفحة مدينة - كشف تسربات,39,2026-02-10,حرج,رقم إماراتي خاطئ | محتوى هزيل | بدون صورة بارزة,تصحيح أرقام الهاتف إلى 0568060309 | إعادة كتابة المحتوى (هدف 800-1500 كلمة) مع أحياء محلية وأسعار وأسئلة شائعة | إضافة صورة بارزة,https://www.rukn-eltatawer.com/sa/water-leak-detection-an-nuayriyah/
9345,كشف تسربات المياه في البكيرية | شركة ركن التطور,صفحة مدينة - كشف تسربات,39,2026-02-10,حرج,رقم إماراتي خاطئ | محتوى هزيل | بدون صورة بارزة,تصحيح أرقام الهاتف إلى 0568060309 | إعادة كتابة المحتوى (هدف 800-1500 كلمة) مع أحياء محلية وأسعار وأسئلة شائعة | إضافة صورة بارزة,https://www.rukn-eltatawer.com/sa/water-leak-detection-al-bukayriyah/
9343,كشف تسربات المياه في المخواة | شركة ركن التطور,صفحة مدينة - كشف تسربات,39,2026-02-10,حرج,رقم إماراتي خاطئ | محتوى هزيل | بدون صورة بارزة,تصحيح أرقام الهاتف إلى 0568060309 | إعادة كتابة المحتوى (هدف 800-1500 كلمة) مع أحياء محلية وأسعار وأسئلة شائعة | إضافة صورة بارزة,https://www.rukn-eltatawer.com/sa/water-leak-detection-al-makhwah/
9342,كشف تسربات المياه في بلجرشي | شركة ركن التطور,صفحة مدينة - كشف تسربات,39,2026-02-10,حرج,رقم إماراتي خاطئ | محتوى هزيل | بدون صورة بارزة,تصحيح أرقام الهاتف إلى 0568060309 | إعادة كتابة المحتوى (هدف 800-1500 كلمة) مع أحياء محلية وأسعار وأسئلة شائعة | إضافة صورة بارزة,https://www.rukn-eltatawer.com/sa/water-leak-detection-baljurashi/
9339,كشف تسربات المياه في الحناكية | شركة ركن التطور,صفحة مدينة - كشف تسربات,39,2026-02-10,حرج,رقم إماراتي خاطئ | محتوى هزيل | بدون صورة بارزة,تصحيح أرقام الهاتف إلى 0568060309 | إعادة كتابة المحتوى (هدف 800-1500 كلمة) مع أحياء محلية وأسعار وأسئلة شائعة | إضافة صورة بارزة,https://www.rukn-eltatawer.com/sa/water-leak-detection-al-hinakiyah/
9335,كشف تسربات المياه في الجموم | شركة ركن التطور,صفحة مدينة - كشف تسربات,39,2026-02-10,حرج,رقم إماراتي خاطئ | محتوى هزيل | بدون صورة بارزة,تصحيح أرقام الهاتف إلى 0568060309 | إعادة كتابة المحتوى (هدف 800-1500 كلمة) مع أحياء محلية وأسعار وأسئلة شائعة | إضافة صورة بارزة,https://www.rukn-eltatawer.com/sa/water-leak-detection-al-jumum/
9327,كشف تسربات المياه في طريف | شركة ركن التطور,صفحة مدينة - كشف تسربات,39,2026-02-10,حرج,رقم إماراتي خاطئ | محتوى هزيل | بدون صورة بارزة,تصحيح أرقام الهاتف إلى 0568060309 | إعادة كتابة المحتوى (هدف 800-1500 كلمة) مع أحياء محلية وأسعار وأسئلة شائعة | إضافة صورة بارزة,https://www.rukn-eltatawer.com/sa/water-leak-detection-turaif/
9337,كشف تسربات المياه في العلا | شركة ركن التطور,صفحة مدينة - كشف تسربات,40,2026-02-10,حرج,رقم إماراتي خاطئ | محتوى هزيل | بدون صورة بارزة,تصحيح أرقام الهاتف إلى 0568060309 | إعادة كتابة المحتوى (هدف 800-1500 كلمة) مع أحياء محلية وأسعار وأسئلة شائعة | إضافة صورة بارزة,https://www.rukn-eltatawer.com/sa/water-leak-detection-alula/
9336,كشف تسربات المياه في بدر | شركة ركن التطور,صفحة مدينة - كشف تسربات,40,2026-02-10,حرج,رقم إماراتي خاطئ | محتوى هزيل | بدون صورة بارزة,تصحيح أرقام الهاتف إلى 0568060309 | إعادة كتابة المحتوى (هدف 800-1500 كلمة) مع أحياء محلية وأسعار وأسئلة شائعة | إضافة صورة بارزة,https://www.rukn-eltatawer.com/sa/water-leak-detection-badr/
9331,كشف تسربات المياه في ضباء | شركة ركن التطور,صفحة مدينة - كشف تسربات,40,2026-02-10,حرج,رقم إماراتي خاطئ | محتوى هزيل | بدون صورة بارزة,تصحيح أرقام الهاتف إلى 0568060309 | إعادة كتابة المحتوى (هدف 800-1500 كلمة) مع أحياء محلية وأسعار وأسئلة شائعة | إضافة صورة بارزة,https://www.rukn-eltatawer.com/sa/water-leak-detection-duba/
9346,كشف تسربات المياه في النماص | شركة ركن التطور,صفحة مدينة - كشف تسربات,41,2026-02-10,حرج,رقم إماراتي خاطئ | محتوى هزيل | بدون صورة بارزة,تصحيح أرقام الهاتف إلى 0568060309 | إعادة كتابة المحتوى (هدف 800-1500 كلمة) مع أحياء محلية وأسعار وأسئلة شائعة | إضافة صورة بارزة,https://www.rukn-eltatawer.com/sa/water-leak-detection-al-namas/
9341,كشف تسربات المياه في ظهران الجنوب | شركة ركن التطور,صفحة مدينة - كشف تسربات,41,2026-02-10,حرج,رقم إماراتي خاطئ | محتوى هزيل | بدون صورة بارزة,تصحيح أرقام الهاتف إلى 0568060309 | إعادة كتابة المحتوى (هدف 800-1500 كلمة) مع أحياء محلية وأسعار وأسئلة شائعة | إضافة صورة بارزة,https://www.rukn-eltatawer.com/sa/water-leak-detection-zahran-al-janoub/
9334,كشف تسربات المياه في رابغ | شركة ركن التطور,صفحة مدينة - كشف تسربات,41,2026-02-10,حرج,رقم إماراتي خاطئ | محتوى هزيل | بدون صورة بارزة,تصحيح أرقام الهاتف إلى 0568060309 | إعادة كتابة المحتوى (هدف 800-1500 كلمة) مع أحياء محلية وأسعار وأسئلة شائعة | إضافة صورة بارزة,https://www.rukn-eltatawer.com/sa/water-leak-detection-rabigh/
9326,كشف تسربات المياه في رفحاء | شركة ركن التطور,صفحة مدينة - كشف تسربات,41,2026-02-10,حرج,رقم إماراتي خاطئ | محتوى هزيل | بدون صورة بارزة,تصحيح أرقام الهاتف إلى 0568060309 | إعادة كتابة المحتوى (هدف 800-1500 كلمة) مع أحياء محلية وأسعار وأسئلة شائعة | إضافة صورة بارزة,https://www.rukn-eltatawer.com/sa/water-leak-detection-rafha/
9323,كشف تسربات المياه في سراة عبيدة | شركة ركن التطور,صفحة مدينة - كشف تسربات,41,2026-02-10,حرج,رقم إماراتي خاطئ | محتوى هزيل | بدون صورة بارزة,تصحيح أرقام الهاتف إلى 0568060309 | إعادة كتابة المحتوى (هدف 800-1500 كلمة) مع أحياء محلية وأسعار وأسئلة شائعة | إضافة صورة بارزة,https://www.rukn-eltatawer.com/sa/water-leak-detection-sarat-obaidah/
9317,كشف تسربات المياه في شقراء | شركة ركن التطور,صفحة مدينة - كشف تسربات,41,2026-04-17,حرج,رقم إماراتي خاطئ | محتوى هزيل | بدون صورة بارزة,تصحيح أرقام الهاتف إلى 0568060309 | إعادة كتابة المحتوى (هدف 800-1500 كلمة) مع أحياء محلية وأسعار وأسئلة شائعة | إضافة صورة بارزة,https://www.rukn-eltatawer.com/sa/water-leak-detection-shaqra/
9338,كشف تسربات المياه في المهد | شركة ركن التطور,صفحة مدينة - كشف تسربات,42,2026-02-10,حرج,رقم إماراتي خاطئ | محتوى هزيل | بدون صورة بارزة,تصحيح أرقام الهاتف إلى 0568060309 | إعادة كتابة المحتوى (هدف 800-1500 كلمة) مع أحياء محلية وأسعار وأسئلة شائعة | إضافة صورة بارزة,https://www.rukn-eltatawer.com/sa/water-leak-detection-al-mahd/
9330,كشف تسربات المياه في الوجه | شركة ركن التطور,صفحة مدينة - كشف تسربات,42,2026-02-10,حرج,رقم إماراتي خاطئ | محتوى هزيل | بدون صورة بارزة,تصحيح أرقام الهاتف إلى 0568060309 | إعادة كتابة المحتوى (هدف 800-1500 كلمة) مع أحياء محلية وأسعار وأسئلة شائعة | إضافة صورة بارزة,https://www.rukn-eltatawer.com/sa/water-leak-detection-al-wajh/
9328,كشف تسربات المياه في القريات | شركة ركن التطور,صفحة مدينة - كشف تسربات,42,2026-02-10,حرج,رقم إماراتي خاطئ | محتوى هزيل | بدون صورة بارزة,تصحيح أرقام الهاتف إلى 0568060309 | إعادة كتابة المحتوى (هدف 800-1500 كلمة) مع أحياء محلية وأسعار وأسئلة شائعة | إضافة صورة بارزة,https://www.rukn-eltatawer.com/sa/water-leak-detection-al-qurayyat/
9320,كشف تسربات المياه في الأفلاج | شركة ركن التطور,صفحة مدينة - كشف تسربات,42,2026-02-10,حرج,رقم إماراتي خاطئ | محتوى هزيل | بدون صورة بارزة,تصحيح أرقام الهاتف إلى 0568060309 | إعادة كتابة المحتوى (هدف 800-1500 كلمة) مع أحياء محلية وأسعار وأسئلة شائعة | إضافة صورة بارزة,https://www.rukn-eltatawer.com/sa/water-leak-detection-al-aflaj/
9329,كشف تسربات المياه في دومة الجندل | شركة ركن التطور,صفحة مدينة - كشف تسربات,43,2026-02-10,حرج,رقم إماراتي خاطئ | محتوى هزيل | بدون صورة بارزة,تصحيح أرقام الهاتف إلى 0568060309 | إعادة كتابة المحتوى (هدف 800-1500 كلمة) مع أحياء محلية وأسعار وأسئلة شائعة | إضافة صورة بارزة,https://www.rukn-eltatawer.com/sa/water-leak-detection-dumat-al-jandal/
9325,كشف تسربات المياه في أبو عريش | شركة ركن التطور,صفحة مدينة - كشف تسربات,43,2026-02-10,حرج,رقم إماراتي خاطئ | محتوى هزيل | بدون صورة بارزة,تصحيح أرقام الهاتف إلى 0568060309 | إعادة كتابة المحتوى (هدف 800-1500 كلمة) مع أحياء محلية وأسعار وأسئلة شائعة | إضافة صورة بارزة,https://www.rukn-eltatawer.com/sa/water-leak-detection-abu-arish/
9322,كشف تسربات المياه في محايل عسير | شركة ركن التطور,صفحة مدينة - كشف تسربات,43,2026-02-10,حرج,رقم إماراتي خاطئ | محتوى هزيل | بدون صورة بارزة,تصحيح أرقام الهاتف إلى 0568060309 | إعادة كتابة المحتوى (هدف 800-1500 كلمة) مع أحياء محلية وأسعار وأسئلة شائعة | إضافة صورة بارزة,https://www.rukn-eltatawer.com/sa/water-leak-detection-muhayil-asir/
9344,كشف تسربات المياه في الرس | شركة ركن التطور,صفحة مدينة - كشف تسربات,44,2026-02-10,حرج,رقم إماراتي خاطئ | محتوى هزيل | بدون صورة بارزة,تصحيح أرقام الهاتف إلى 0568060309 | إعادة كتابة المحتوى (هدف 800-1500 كلمة) مع أحياء محلية وأسعار وأسئلة شائعة | إضافة صورة بارزة,https://www.rukn-eltatawer.com/sa/water-leak-detection-ar-rass/
9324,كشف تسربات المياه في صبيا | شركة ركن التطور,صفحة مدينة - كشف تسربات,44,2026-02-10,حرج,رقم إماراتي خاطئ | محتوى هزيل | بدون صورة بارزة,تصحيح أرقام الهاتف إلى 0568060309 | إعادة كتابة المحتوى (هدف 800-1500 كلمة) مع أحياء محلية وأسعار وأسئلة شائعة | إضافة صورة بارزة,https://www.rukn-eltatawer.com/sa/water-leak-detection-sabya/
9340,كشف تسربات المياه في تثليث | شركة ركن التطور,صفحة مدينة - كشف تسربات,45,2026-02-10,حرج,رقم إماراتي خاطئ | محتوى هزيل | بدون صورة بارزة,تصحيح أرقام الهاتف إلى 0568060309 | إعادة كتابة المحتوى (هدف 800-1500 كلمة) مع أحياء محلية وأسعار وأسئلة شائعة | إضافة صورة بارزة,https://www.rukn-eltatawer.com/sa/water-leak-detection-tathlith/
9332,كشف تسربات المياه في حفر الباطن | شركة ركن التطور,صفحة مدينة - كشف تسربات,45,2026-02-10,حرج,رقم إماراتي خاطئ | محتوى هزيل | بدون صورة بارزة,تصحيح أرقام الهاتف إلى 0568060309 | إعادة كتابة المحتوى (هدف 800-1500 كلمة) مع أحياء محلية وأسعار وأسئلة شائعة | إضافة صورة بارزة,https://www.rukn-eltatawer.com/sa/water-leak-detection-hafar-al-batin/
9319,كشف تسربات المياه في وادي الدواسر | شركة ركن التطور,صفحة مدينة - كشف تسربات,45,2026-02-10,حرج,رقم إماراتي خاطئ | محتوى هزيل | بدون صورة بارزة,تصحيح أرقام الهاتف إلى 0568060309 | إعادة كتابة المحتوى (هدف 800-1500 كلمة) مع أحياء محلية وأسعار وأسئلة شائعة | إضافة صورة بارزة,https://www.rukn-eltatawer.com/sa/water-leak-detection-wadi-ad-dawasir/
9318,كشف تسربات المياه في المجمعة | شركة ركن التطور,صفحة مدينة - كشف تسربات,45,2026-02-10,حرج,رقم إماراتي خاطئ | محتوى هزيل | بدون صورة بارزة,تصحيح أرقام الهاتف إلى 0568060309 | إعادة كتابة المحتوى (هدف 800-1500 كلمة) مع أحياء محلية وأسعار وأسئلة شائعة | إضافة صورة بارزة,https://www.rukn-eltatawer.com/sa/water-leak-detection-al-majmaah/
9321,كشف تسربات المياه في بيشة | شركة ركن التطور,صفحة مدينة - كشف تسربات,47,2026-02-10,حرج,رقم إماراتي خاطئ | محتوى هزيل | بدون صورة بارزة,تصحيح أرقام الهاتف إلى 0568060309 | إعادة كتابة المحتوى (هدف 800-1500 كلمة) مع أحياء محلية وأسعار وأسئلة شائعة | إضافة صورة بارزة,https://www.rukn-eltatawer.com/sa/water-leak-detection-bisha/
10280,شركة تنظيف شقق بالرياض,مقال دليل / محتوى غني,460,2026-03-29,حرج,رقم وهمي 0500000000 | بدون صورة بارزة,تصحيح أرقام الهاتف إلى 0568060309 | إضافة صورة بارزة,https://www.rukn-eltatawer.com/sa/apartment-cleaning-in-riyadh/
10282,شركة تنظيف كنب بالبخار بالرياض,مقال دليل / محتوى غني,467,2026-03-28,حرج,رقم وهمي 0500000000 | بدون صورة بارزة,تصحيح أرقام الهاتف إلى 0568060309 | إضافة صورة بارزة,https://www.rukn-eltatawer.com/sa/sharikat-tanzif-kanab-bilbukhar-bilriyadh/
10279,تنظيف فلل فاخرة بالرياض,مقال دليل / محتوى غني,484,2026-03-28,حرج,رقم وهمي 0500000000 | بدون صورة بارزة,تصحيح أرقام الهاتف إلى 0568060309 | إضافة صورة بارزة,https://www.rukn-eltatawer.com/sa/tanzif-filla-fakhira-bilriyadh/
10278,شركة تنظيف فلل بالرياض,مقال دليل / محتوى غني,485,2026-03-28,حرج,رقم وهمي 0500000000 | بدون صورة بارزة,تصحيح أرقام الهاتف إلى 0568060309 | إضافة صورة بارزة,https://www.rukn-eltatawer.com/sa/sharikat-tanzif-filla-bilriyadh/
10281,تنظيف شامل للمنازل بالرياض,مقال دليل / محتوى غني,490,2026-03-28,حرج,رقم وهمي 0500000000 | بدون صورة بارزة,تصحيح أرقام الهاتف إلى 0568060309 | إضافة صورة بارزة,https://www.rukn-eltatawer.com/sa/tanzif-shamil-lilmanazil-bilriyadh/
10283,تنظيف سجاد وموكيت بالرياض,مقال دليل / محتوى غني,491,2026-03-28,حرج,رقم وهمي 0500000000 | بدون صورة بارزة,تصحيح أرقام الهاتف إلى 0568060309 | إضافة صورة بارزة,https://www.rukn-eltatawer.com/sa/tanzif-sijjad-wamaukit-bilriyadh/
10277,تنظيف منازل بالرياض مع التعقيم الكامل,مقال دليل / محتوى غني,597,2026-03-28,حرج,رقم وهمي 0500000000 | بدون صورة بارزة,تصحيح أرقام الهاتف إلى 0568060309 | إضافة صورة بارزة,https://www.rukn-eltatawer.com/sa/tanzif-manazil-bilriyadh-maa-altaqim/
10275,أفضل شركة تنظيف منازل بالرياض,مقال دليل / محتوى غني,709,2026-03-28,حرج,رقم وهمي 0500000000 | بدون صورة بارزة,تصحيح أرقام الهاتف إلى 0568060309 | إضافة صورة بارزة,https://www.rukn-eltatawer.com/sa/afdal-sharikat-tanzif-manazil-bilriyadh/
10276,أسعار تنظيف المنازل بالرياض,مقال دليل / محتوى غني,715,2026-03-28,حرج,رقم وهمي 0500000000 | بدون صورة بارزة,تصحيح أرقام الهاتف إلى 0568060309 | إضافة صورة بارزة,https://www.rukn-eltatawer.com/sa/asaar-tanzif-almanazil-bilriyadh/
10274,شركة تنظيف منازل بالرياض,مقال دليل / محتوى غني,3732,2026-03-31,حرج,رقم وهمي 0500000000 | بدون صورة بارزة,تصحيح أرقام الهاتف إلى 0568060309 | إضافة صورة بارزة,https://www.rukn-eltatawer.com/sa/house-cleaning-in-riyadh/
10406,صيانة التكييف,مقال قصير / محور خدمة,4,2026-07-01,عالي,محتوى هزيل,إعادة كتابة المحتوى (هدف 800-1500 كلمة) مع أحياء محلية وأسعار وأسئلة شائعة,https://www.rukn-eltatawer.com/sa/syanh-altkyyf/
10409,سباكة وصيانة عامة,مقال قصير / محور خدمة,5,2026-07-01,عالي,محتوى هزيل,إعادة كتابة المحتوى (هدف 800-1500 كلمة) مع أحياء محلية وأسعار وأسئلة شائعة,https://www.rukn-eltatawer.com/sa/sbakh-wsyanh-aamh/
10407,تنظيف وتعقيم,مقال قصير / محور خدمة,5,2026-07-01,عالي,محتوى هزيل,إعادة كتابة المحتوى (هدف 800-1500 كلمة) مع أحياء محلية وأسعار وأسئلة شائعة,https://www.rukn-eltatawer.com/sa/tnzyf-wtaqym/
10408,مكافحة الحشرات,مقال قصير / محور خدمة,6,2026-07-01,عالي,محتوى هزيل,إعادة كتابة المحتوى (هدف 800-1500 كلمة) مع أحياء محلية وأسعار وأسئلة شائعة,https://www.rukn-eltatawer.com/sa/mkafhh-alhshrat/
10405,عزل الأسطح,مقال قصير / محور خدمة,6,2026-07-01,عالي,محتوى هزيل,إعادة كتابة المحتوى (هدف 800-1500 كلمة) مع أحياء محلية وأسعار وأسئلة شائعة,https://www.rukn-eltatawer.com/sa/azl-alasth/
10422,أهمية الصيانة الدورية,مقال قصير / محور خدمة,7,2026-07-01,عالي,محتوى هزيل,إعادة كتابة المحتوى (هدف 800-1500 كلمة) مع أحياء محلية وأسعار وأسئلة شائعة,https://www.rukn-eltatawer.com/sa/ahmyh-alsyanh-aldwryh/
10404,كشف تسربات المياه,مقال قصير / محور خدمة,7,2026-07-01,عالي,محتوى هزيل,إعادة كتابة المحتوى (هدف 800-1500 كلمة) مع أحياء محلية وأسعار وأسئلة شائعة,https://www.rukn-eltatawer.com/sa/kshf-tsrbat-almyah/
10420,نصائح للعناية بالمنزل,مقال قصير / محور خدمة,8,2026-07-01,عالي,محتوى هزيل,إعادة كتابة المحتوى (هدف 800-1500 كلمة) مع أحياء محلية وأسعار وأسئلة شائعة,https://www.rukn-eltatawer.com/sa/nsayh-llanayh-balmnzl/
10421,متى تحتاج لفحص التسربات؟,مقال قصير / محور خدمة,9,2026-07-01,عالي,محتوى هزيل,إعادة كتابة المحتوى (هدف 800-1500 كلمة) مع أحياء محلية وأسعار وأسئلة شائعة,https://www.rukn-eltatawer.com/sa/mta-thtaj-lfhs-altsrbat/
9278,كشف تسربات المياه في وسط الرياض,صفحة مدينة - كشف تسربات,596,2026-02-10,منخفض,بدون صورة بارزة,إضافة صورة بارزة,https://www.rukn-eltatawer.com/sa/water-leak-detection-riyadh-center/
9282,كشف تسربات المياه في جنوب الرياض,صفحة مدينة - كشف تسربات,880,2026-02-10,منخفض,بدون صورة بارزة,إضافة صورة بارزة,https://www.rukn-eltatawer.com/sa/water-leak-detection-south-riyadh/
9284,كشف تسربات المياه في شمال جدة,صفحة مدينة - كشف تسربات,906,2026-02-10,منخفض,بدون صورة بارزة,إضافة صورة بارزة,https://www.rukn-eltatawer.com/sa/water-leak-detection-north-jeddah/
9292,كشف تسربات المياه في الظهران,صفحة مدينة - كشف تسربات,937,2026-02-10,منخفض,بدون صورة بارزة,إضافة صورة بارزة,https://www.rukn-eltatawer.com/sa/water-leak-detection-dhahran/
9309,كشف تسربات المياه في الهفوف,صفحة مدينة - كشف تسربات,952,2026-02-10,منخفض,بدون صورة بارزة,إضافة صورة بارزة,https://www.rukn-eltatawer.com/sa/water-leak-detection-hofuf/
9290,كشف تسربات المياه في الدمام,صفحة مدينة - كشف تسربات,955,2026-02-10,منخفض,بدون صورة بارزة,إضافة صورة بارزة,https://www.rukn-eltatawer.com/sa/water-leak-detection-dammam/
9283,كشف تسربات المياه في جدة,صفحة مدينة - كشف تسربات,958,2026-02-10,منخفض,بدون صورة بارزة,إضافة صورة بارزة,https://www.rukn-eltatawer.com/sa/water-leak-detection-jeddah-center/
9286,كشف تسربات المياه في جنوب جدة,صفحة مدينة - كشف تسربات,962,2026-02-10,منخفض,بدون صورة بارزة,إضافة صورة بارزة,https://www.rukn-eltatawer.com/sa/water-leak-detection-south-jeddah/
9281,كشف تسربات المياه في غرب الرياض,صفحة مدينة - كشف تسربات,962,2026-02-10,منخفض,بدون صورة بارزة,إضافة صورة بارزة,https://www.rukn-eltatawer.com/sa/water-leak-detection-west-riyadh/
9291,كشف تسربات المياه في الخبر,صفحة مدينة - كشف تسربات,963,2026-02-10,منخفض,بدون صورة بارزة,إضافة صورة بارزة,https://www.rukn-eltatawer.com/sa/water-leak-detection-khobar/
9288,كشف تسربات المياه في أحياء مكة,صفحة مدينة - كشف تسربات,969,2026-02-10,منخفض,بدون صورة بارزة,إضافة صورة بارزة,https://www.rukn-eltatawer.com/sa/water-leak-detection-makkah-neighborhoods/
9299,كشف تسربات المياه في حائل,صفحة مدينة - كشف تسربات,970,2026-02-10,منخفض,بدون صورة بارزة,إضافة صورة بارزة,https://www.rukn-eltatawer.com/sa/water-leak-detection-hail/
9296,كشف تسربات المياه في تبوك,صفحة مدينة - كشف تسربات,970,2026-02-10,منخفض,بدون صورة بارزة,إضافة صورة بارزة,https://www.rukn-eltatawer.com/sa/water-leak-detection-tabuk/
9280,كشف تسربات المياه في شرق الرياض,صفحة مدينة - كشف تسربات,971,2026-02-10,منخفض,بدون صورة بارزة,إضافة صورة بارزة,https://www.rukn-eltatawer.com/sa/water-leak-detection-east-riyadh/
9311,كشف تسربات المياه في الجبيل,صفحة مدينة - كشف تسربات,972,2026-02-10,منخفض,بدون صورة بارزة,إضافة صورة بارزة,https://www.rukn-eltatawer.com/sa/water-leak-detection-jubail/
9285,كشف تسربات المياه في شرق جدة,صفحة مدينة - كشف تسربات,972,2026-02-10,منخفض,بدون صورة بارزة,إضافة صورة بارزة,https://www.rukn-eltatawer.com/sa/water-leak-detection-east-jeddah/
9298,كشف تسربات المياه في عنيزة,صفحة مدينة - كشف تسربات,974,2026-02-10,منخفض,بدون صورة بارزة,إضافة صورة بارزة,https://www.rukn-eltatawer.com/sa/water-leak-detection-unaizah/
9305,كشف تسربات المياه في ينبع,صفحة مدينة - كشف تسربات,975,2026-02-10,منخفض,بدون صورة بارزة,إضافة صورة بارزة,https://www.rukn-eltatawer.com/sa/water-leak-detection-yanbu/
9303,كشف تسربات المياه في عرعر,صفحة مدينة - كشف تسربات,977,2026-02-10,منخفض,بدون صورة بارزة,إضافة صورة بارزة,https://www.rukn-eltatawer.com/sa/water-leak-detection-arar/
9300,كشف تسربات المياه في نجران,صفحة مدينة - كشف تسربات,980,2026-02-10,منخفض,بدون صورة بارزة,إضافة صورة بارزة,https://www.rukn-eltatawer.com/sa/water-leak-detection-najran/
9294,كشف تسربات المياه في خميس مشيط,صفحة مدينة - كشف تسربات,982,2026-02-10,منخفض,بدون صورة بارزة,إضافة صورة بارزة,https://www.rukn-eltatawer.com/sa/water-leak-detection-khamis-mushait/
9307,كشف تسربات المياه في الليث,صفحة مدينة - كشف تسربات,989,2026-02-10,منخفض,بدون صورة بارزة,إضافة صورة بارزة,https://www.rukn-eltatawer.com/sa/water-leak-detection-al-lith/
9308,كشف تسربات المياه في الأحساء,صفحة مدينة - كشف تسربات,990,2026-02-10,منخفض,بدون صورة بارزة,إضافة صورة بارزة,https://www.rukn-eltatawer.com/sa/water-leak-detection-al-ahsa/
9295,كشف تسربات المياه في الطائف,صفحة مدينة - كشف تسربات,992,2026-02-10,منخفض,بدون صورة بارزة,إضافة صورة بارزة,https://www.rukn-eltatawer.com/sa/water-leak-detection-taif/
9302,كشف تسربات المياه في سكاكا,صفحة مدينة - كشف تسربات,996,2026-02-10,منخفض,بدون صورة بارزة,إضافة صورة بارزة,https://www.rukn-eltatawer.com/sa/water-leak-detection-sakakah/
9312,كشف تسربات المياه في القطيف,صفحة مدينة - كشف تسربات,1005,2026-02-10,منخفض,بدون صورة بارزة,إضافة صورة بارزة,https://www.rukn-eltatawer.com/sa/water-leak-detection-qatif/
9313,كشف تسربات المياه في رأس تنورة,صفحة مدينة - كشف تسربات,1006,2026-02-10,منخفض,بدون صورة بارزة,إضافة صورة بارزة,https://www.rukn-eltatawer.com/sa/water-leak-detection-ras-tanura/
9279,كشف تسربات المياه في شمال الرياض,صفحة مدينة - كشف تسربات,1011,2026-02-10,منخفض,بدون صورة بارزة,إضافة صورة بارزة,https://www.rukn-eltatawer.com/sa/water-leak-detection-north-riyadh/
9293,كشف تسربات المياه في أبها,صفحة مدينة - كشف تسربات,1015,2026-02-10,منخفض,بدون صورة بارزة,إضافة صورة بارزة,https://www.rukn-eltatawer.com/sa/water-leak-detection-abha/
9297,كشف تسربات المياه في بريدة,صفحة مدينة - كشف تسربات,1044,2026-02-10,منخفض,بدون صورة بارزة,إضافة صورة بارزة,https://www.rukn-eltatawer.com/sa/water-leak-detection-buraidah/
9304,كشف تسربات المياه في الباحة,صفحة مدينة - كشف تسربات,1046,2026-02-10,منخفض,بدون صورة بارزة,إضافة صورة بارزة,https://www.rukn-eltatawer.com/sa/water-leak-detection-al-baha/
9314,كشف تسربات المياه في الخرج,صفحة مدينة - كشف تسربات,1051,2026-02-10,منخفض,بدون صورة بارزة,إضافة صورة بارزة,https://www.rukn-eltatawer.com/sa/water-leak-detection-al-kharj/
9310,كشف تسربات المياه في المبرز,صفحة مدينة - كشف تسربات,1051,2026-02-10,منخفض,بدون صورة بارزة,إضافة صورة بارزة,https://www.rukn-eltatawer.com/sa/water-leak-detection-mubarraz/
9301,كشف تسربات المياه في جازان,صفحة مدينة - كشف تسربات,1055,2026-02-10,منخفض,بدون صورة بارزة,إضافة صورة بارزة,https://www.rukn-eltatawer.com/sa/water-leak-detection-jazan/
9306,كشف تسربات المياه في القنفذة,صفحة مدينة - كشف تسربات,1062,2026-02-10,منخفض,بدون صورة بارزة,إضافة صورة بارزة,https://www.rukn-eltatawer.com/sa/water-leak-detection-al-qunfudhah/
9289,كشف تسربات المياه في المدينة المنورة,صفحة مدينة - كشف تسربات,1224,2026-02-10,منخفض,بدون صورة بارزة,إضافة صورة بارزة,https://www.rukn-eltatawer.com/sa/water-leak-detection-madinah/
9316,كشف تسربات المياه في الزلفي,صفحة مدينة - كشف تسربات,1281,2026-02-10,منخفض,بدون صورة بارزة,إضافة صورة بارزة,https://www.rukn-eltatawer.com/sa/water-leak-detection-al-zulfi/
9315,كشف تسربات المياه في الدوادمي,صفحة مدينة - كشف تسربات,1627,2026-02-10,منخفض,بدون صورة بارزة,إضافة صورة بارزة,https://www.rukn-eltatawer.com/sa/water-leak-detection-al-dawadmi/
9287,كشف تسربات المياه في مكة,صفحة مدينة - كشف تسربات,2133,2026-02-10,منخفض,بدون صورة بارزة,إضافة صورة بارزة,https://www.rukn-eltatawer.com/sa/water-leak-detection-makkah-center/
9333,كشف تسربات المياه بالخفجي,مقال دليل / محتوى غني,5867,2026-04-17,منخفض,بدون صورة بارزة,إضافة صورة بارزة,https://www.rukn-eltatawer.com/sa/water-leak-detection-khafji/
